,ItemCode,#sales,stage,DailySales
0,3418,136,validation,"[18, 3, 8, 2, 4, 2, 8, 12, 0, 14, 2, 9, 8, 5, 15, 2, 0, 14, 4, 12, 2, 1, 6, 2, 13, 5, 5, 6, 10, 2, 3, 8, 12, 8, 10, 7, 1, 0, 14, 3, 6, 7, 3, 5, 5, 7, 20, 10, 0, 12, 0, 0, 2, 10, 6, 17, 7, 5, 7, 6, 6, 13, 14, 9, 12, 9, 25, 11, 6, 16, 12, 20, 11, 12, 15, 4, 24, 3, 13, 2, 7, 19, 1, 16, 19, 9, 4, 6, 6, 10, 11, 6, 4, 13, 9, 26, 2, 20, 20, 3, 3, 7, 7, 14, 28, 8, 9, 12, 18, 0, 16, 12, 18, 8, 17, 15, 2, 3, 19, 7, 9, 12, 22, 7, 17, 29, 10, 11, 13, 6, 7, 26, 9, 2, 19, 3]"
1,3427,136,validation,"[2, 7, 2, 3, 9, 0, 5, 8, 10, 5, 5, 4, 0, 4, 3, 2, 2, 27, 1, 7, 0, 6, 6, 1, 21, 5, 11, 2, 10, 2, 3, 3, 3, 5, 14, 2, 0, 1, 10, 5, 0, 2, 7, 4, 8, 5, 6, 20, 1, 11, 6, 3, 1, 7, 5, 2, 11, 9, 7, 5, 5, 20, 6, 4, 7, 10, 15, 4, 5, 3, 7, 2, 10, 8, 5, 3, 6, 5, 13, 5, 20, 13, 6, 16, 12, 2, 9, 15, 3, 5, 7, 2, 2, 5, 5, 1, 5, 5, 44, 3, 3, 4, 13, 0, 9, 2, 3, 1, 9, 9, 9, 1, 2, 2, 2, 7, 3, 1, 5, 1, 8, 4, 7, 6, 6, 15, 8, 8, 8, 7, 2, 2, 9, 10, 4, 1]"
2,7666,135,validation,"[14, 58, 12, 8, 5, 33, 11, 23, 24, 15, 41, 20, 5, 12, 15, 68, 35, 55, 2, 28, 17, 37, 27, 19, 10, 31, 29, 21, 1, 0, 2, 0, 5, 0, 6, 0, 0, 4, 5, 3, 0, 0, 0, 0, 2, 3, 2, 0, 0, 8, 15, 2, 6, 14, 0, 3, 22, 31, 3, 3, 11, 11, 13, 9, 32, 3, 15, 40, 9, 12, 12, 17, 36, 33, 22, 21, 79, 25, 20, 19, 10, 43, 12, 3, 25, 17, 15, 28, 10, 16, 2, 26, 13, 12, 1, 6, 0, 6, 0, 2, 0, 0, 3, 7, 2, 8, 2, 4, 2, 4, 5, 3, 7, 0, 7, 5, 0, 7, 3, 14, 6, 3, 2, 0, 36, 0, 1, 0, 2, 1, 4, 28, 5, 0, 1]"
3,9925,133,test,"[1, 3, 1, 2, 0, 0, 2, 1, 0, 1, 8, 0, 2, 0, 0, 5, 1, 3, 1, 2, 1, 0, 0, 1, 1, 0, 0, 3, 0, 9, 0, 0, 0, 2, 0, 0, 2, 2, 2, 2, 1, 2, 0, 1, 1, 0, 4, 0, 4, 3, 3, 3, 2, 2, 1, 1, 0, 2, 4, 1, 3, 0, 0, 0, 1, 0, 3, 11, 0, 5, 1, 1, 1, 3, 2, 0, 3, 5, 0, 6, 3, 2, 2, 3, 1, 2, 6, 4, 2, 2, 2, 1, 2, 0, 1, 0, 1, 2, 2, 0, 4, 1, 1, 0, 1, 2, 4, 2, 1, 4, 0, 2, 1, 2, 0, 2, 5, 0, 1, 0, 0, 1, 1, 2, 2, 2, 0, 1, 13, 1, 4, 1, 1]"
4,16936,136,test,"[4, 1, 4, 1, 0, 0, 21, 2, 1, 0, 5, 9, 2, 8, 8, 8, 0, 8, 1, 2, 4, 6, 0, 10, 1, 10, 6, 0, 4, 0, 0, 2, 10, 2, 9, 2, 10, 8, 0, 1, 2, 0, 0, 2, 2, 4, 0, 4, 3, 13, 2, 8, 4, 0, 1, 140, 2, 4, 0, 4, 3, 3, 20, 2, 0, 0, 1, 13, 4, 0, 7, 3, 0, 3, 0, 4, 8, 5, 5, 0, 0, 4, 10, 4, 9, 2, 20, 4, 8, 2, 5, 8, 7, 6, 7, 2, 5, 3, 19, 24, 14, 11, 5, 10, 2, 23, 15, 0, 4, 2, 9, 10, 15, 0, 3, 5, 18, 11, 12, 0, 10, 10, 4, 3, 17, 16, 2, 0, 6, 6, 2, 8, 9, 17, 9, 20]"
5,17287,136,validation,"[2, 0, 0, 1, 0, 5, 1, 7, 2, 0, 2, 0, 2, 0, 0, 2, 0, 0, 1, 2, 1, 4, 1, 1, 2, 0, 4, 3, 1, 2, 9, 5, 2, 0, 3, 4, 7, 0, 0, 1, 0, 3, 2, 0, 6, 1, 0, 2, 2, 10, 5, 0, 0, 0, 0, 0, 7, 0, 3, 9, 1, 0, 9, 0, 0, 5, 2, 0, 15, 1, 4, 1, 0, 0, 0, 0, 2, 0, 2, 2, 9, 3, 0, 3, 3, 0, 0, 0, 7, 2, 3, 3, 2, 4, 0, 2, 6, 9, 1, 2, 1, 5, 3, 4, 4, 0, 1, 0, 8, 8, 8, 1, 1, 2, 0, 6, 31, 10, 7, 7, 9, 12, 7, 5, 1, 0, 0, 1, 0, 0, 7, 0, 1, 3, 3, 9]"
6,17296,136,validation,"[28, 44, 43, 26, 27, 22, 43, 51, 81, 24, 28, 35, 57, 108, 142, 35, 33, 42, 56, 30, 33, 42, 37, 36, 43, 49, 138, 51, 92, 60, 52, 71, 75, 78, 168, 80, 42, 64, 49, 52, 90, 158, 78, 167, 49, 69, 52, 93, 89, 82, 74, 81, 105, 117, 86, 85, 101, 51, 35, 25, 34, 62, 82, 140, 37, 55, 51, 44, 47, 84, 54, 36, 279, 66, 116, 51, 48, 143, 102, 43, 61, 100, 40, 77, 60, 66, 30, 64, 40, 58, 81, 62, 132, 44, 147, 52, 35, 88, 131, 68, 100, 75, 186, 53, 54, 50, 69, 16, 434, 179, 94, 66, 36, 51, 49, 44, 34, 40, 44, 28, 72, 39, 46, 58, 85, 91, 43, 222, 29, 48, 21, 34, 74, 56, 51, 47]"
7,20824,136,validation,"[7, 20, 26, 7, 32, 26, 18, 11, 22, 28, 10, 7, 14, 12, 53, 15, 12, 25, 11, 11, 17, 13, 11, 24, 13, 21, 12, 8, 23, 15, 11, 25, 20, 8, 13, 38, 31, 28, 36, 49, 60, 91, 24, 12, 12, 18, 21, 16, 13, 19, 17, 36, 18, 17, 21, 15, 24, 21, 18, 12, 21, 13, 25, 15, 13, 16, 19, 13, 15, 25, 20, 13, 17, 9, 14, 8, 27, 10, 13, 22, 25, 10, 26, 17, 20, 11, 10, 11, 12, 12, 23, 26, 12, 20, 12, 8, 14, 5, 18, 21, 13, 17, 12, 29, 22, 10, 17, 19, 12, 22, 4, 19, 10, 13, 14, 24, 25, 13, 16, 8, 14, 22, 18, 20, 21, 22, 19, 20, 16, 17, 26, 10, 23, 12, 18, 30]"
8,23200,136,test,"[2, 4, 2, 0, 0, 0, 0, 0, 4, 3, 0, 2, 6, 2, 0, 2, 21, 0, 1, 2, 0, 0, 3, 1, 0, 0, 5, 1, 13, 24, 21, 10, 4, 11, 11, 15, 16, 13, 9, 8, 14, 9, 4, 10, 7, 10, 2, 1, 3, 3, 3, 8, 16, 2, 9, 0, 29, 19, 33, 26, 25, 23, 13, 21, 24, 31, 50, 26, 24, 21, 22, 28, 24, 23, 39, 28, 46, 13, 0, 0, 0, 8, 11, 2, 32, 11, 9, 20, 5, 10, 14, 40, 6, 0, 0, 0, 0, 0, 0, 0, 0, 0, 0, 0, 0, 0, 0, 0, 0, 0, 0, 0, 0, 0, 0, 0, 0, 0, 0, 0, 0, 0, 0, 0, 0, 0, 0, 0, 0, 0, 0, 0, 0, 0, 5, 17]"
9,23569,136,validation,"[3, 7, 5, 1, 0, 4, 2, 5, 1, 0, 0, 0, 0, 0, 0, 0, 3, 1, 5, 1, 2, 1, 1, 0, 5, 0, 2, 2, 1, 0, 0, 0, 0, 0, 12, 8, 2, 8, 10, 6, 5, 11, 10, 3, 7, 6, 0, 8, 8, 2, 6, 5, 2, 2, 4, 2, 2, 4, 5, 0, 4, 2, 5, 4, 7, 7, 0, 1, 1, 0, 1, 5, 3, 3, 1, 4, 4, 1, 4, 4, 1, 2, 1, 3, 4, 2, 3, 5, 3, 1, 1, 6, 0, 0, 3, 1, 1, 3, 3, 2, 2, 2, 5, 2, 6, 1, 1, 3, 2, 2, 2, 5, 4, 2, 6, 4, 4, 8, 1, 1, 6, 0, 7, 3, 1, 1, 5, 0, 1, 3, 2, 2, 5, 1, 2, 1]"
10,24136,136,validation,"[4, 8, 5, 7, 6, 3, 6, 0, 1, 2, 6, 5, 7, 3, 9, 8, 7, 45, 51, 18, 3, 8, 2, 3, 3, 11, 2, 7, 8, 1, 4, 3, 17, 6, 1, 4, 0, 2, 5, 0, 0, 3, 8, 1, 0, 1, 1, 2, 0, 1, 2, 0, 7, 3, 2, 1, 4, 2, 3, 0, 7, 3, 2, 4, 4, 5, 5, 4, 6, 0, 1, 3, 4, 4, 2, 2, 5, 1, 0, 2, 4, 4, 3, 8, 10, 2, 0, 4, 6, 5, 3, 4, 1, 2, 3, 1, 0, 3, 15, 5, 4, 10, 6, 3, 2, 3, 1, 2, 3, 6, 9, 12, 11, 5, 9, 10, 13, 4, 2, 1, 3, 0, 1, 1, 4, 3, 1, 4, 2, 11, 1, 1, 1, 4, 6, 2]"
11,30877,136,validation,"[11, 6, 4, 6, 10, 9, 10, 19, 9, 7, 2, 4, 9, 5, 5, 7, 9, 12, 15, 1, 12, 4, 1, 6, 10, 10, 12, 9, 9, 3, 11, 7, 9, 3, 10, 22, 10, 11, 22, 29, 23, 41, 9, 4, 3, 9, 3, 10, 2, 7, 13, 6, 4, 10, 7, 9, 12, 8, 11, 13, 8, 10, 25, 9, 23, 10, 27, 18, 20, 15, 7, 10, 6, 7, 10, 3, 6, 2, 7, 9, 6, 18, 11, 13, 6, 8, 6, 9, 5, 6, 11, 12, 0, 7, 3, 5, 4, 2, 13, 10, 7, 10, 13, 14, 9, 9, 7, 2, 32, 4, 6, 11, 13, 18, 30, 13, 21, 37, 6, 15, 4, 11, 11, 8, 15, 11, 2, 15, 9, 12, 14, 7, 11, 10, 14, 24]"
12,32245,136,test,"[15, 6, 5, 3, 12, 5, 3, 4, 10, 4, 2, 7, 2, 3, 1, 1, 8, 16, 3, 3, 6, 11, 2, 4, 1, 2, 7, 8, 4, 6, 0, 0, 4, 5, 2, 0, 3, 13, 1, 5, 3, 3, 3, 2, 12, 8, 6, 4, 4, 2, 7, 9, 5, 1, 0, 6, 6, 2, 9, 10, 1, 5, 1, 9, 8, 12, 3, 3, 1, 15, 9, 6, 1, 1, 3, 0, 2, 9, 0, 3, 12, 4, 13, 6, 8, 6, 4, 11, 4, 2, 5, 2, 1, 4, 4, 59, 5, 2, 2, 1, 5, 1, 5, 0, 2, 12, 5, 5, 28, 2, 9, 4, 2, 1, 5, 10, 10, 10, 3, 6, 7, 5, 1, 6, 0, 4, 24, 4, 12, 6, 2, 2, 18, 10, 6, 7]"
13,35449,134,test,"[1, 0, 1, 0, 0, 0, 0, 1, 0, 0, 0, 1, 0, 1, 0, 1, 0, 0, 0, 2, 1, 2, 1, 0, 1, 0, 1, 0, 0, 2, 2, 0, 2, 0, 0, 0, 3, 0, 0, 0, 0, 0, 0, 4, 3, 0, 1, 0, 0, 3, 0, 1, 1, 0, 1, 16, 0, 0, 0, 2, 3, 2, 0, 0, 3, 1, 4, 1, 0, 18, 1, 0, 3, 2, 3, 3, 1, 0, 3, 5, 0, 12, 5, 1, 0, 0, 2, 0, 0, 0, 1, 0, 0, 0, 1, 5, 0, 0, 6, 1, 1, 5, 1, 0, 3, 1, 4, 1, 1, 3, 0, 1, 0, 2, 4, 0, 2, 1, 3, 5, 1, 4, 2, 7, 6, 3, 1, 2, 2, 7, 8, 8, 3, 3]"
14,35530,135,test,"[2, 0, 0, 0, 1, 11, 1, 2, 6, 10, 2, 3, 2, 2, 2, 3, 0, 1, 0, 2, 2, 0, 2, 2, 1, 0, 0, 12, 0, 0, 1, 0, 0, 0, 0, 0, 2, 0, 1, 12, 0, 0, 1, 4, 2, 0, 0, 0, 1, 0, 0, 8, 2, 0, 8, 1, 1, 0, 2, 1, 0, 0, 1, 2, 0, 2, 10, 0, 9, 0, 0, 0, 0, 0, 3, 3, 0, 0, 1, 0, 10, 1, 2, 2, 1, 0, 0, 2, 1, 1, 0, 2, 2, 2, 3, 1, 2, 0, 3, 5, 7, 1, 1, 6, 0, 0, 2, 0, 5, 0, 4, 0, 1, 0, 0, 3, 11, 0, 0, 1, 1, 0, 0, 0, 0, 0, 0, 0, 0, 0, 16, 5, 0, 0, 1]"
15,35584,135,validation,"[1, 0, 2, 0, 2, 0, 0, 1, 1, 0, 0, 1, 3, 0, 0, 1, 0, 1, 0, 2, 0, 1, 0, 2, 0, 1, 1, 0, 3, 1, 0, 0, 1, 1, 0, 0, 0, 0, 0, 1, 0, 0, 0, 1, 0, 0, 1, 0, 1, 1, 2, 0, 0, 0, 1, 0, 1, 2, 1, 0, 1, 1, 2, 2, 0, 1, 0, 0, 4, 0, 3, 0, 0, 0, 1, 2, 1, 7, 1, 0, 13, 2, 0, 2, 1, 1, 0, 0, 4, 0, 0, 0, 0, 0, 0, 2, 1, 1, 0, 0, 3, 2, 5, 2, 1, 1, 8, 0, 1, 0, 0, 1, 1, 1, 0, 1, 0, 3, 0, 1, 0, 1, 0, 1, 1, 2, 0, 0, 0, 4, 0, 2, 2, 0, 2]"
16,36898,136,test,"[6, 6, 5, 12, 0, 19, 6, 9, 6, 3, 4, 1, 9, 5, 15, 4, 2, 7, 45, 4, 7, 6, 12, 9, 4, 6, 29, 13, 12, 5, 13, 9, 14, 13, 16, 4, 8, 10, 10, 3, 5, 10, 9, 12, 9, 18, 7, 7, 3, 7, 25, 3, 5, 9, 15, 7, 12, 7, 7, 4, 25, 12, 14, 7, 15, 8, 6, 12, 14, 9, 11, 18, 6, 5, 10, 5, 14, 7, 11, 8, 15, 5, 13, 10, 17, 10, 6, 6, 8, 11, 12, 20, 16, 2, 28, 2, 7, 16, 19, 20, 13, 3, 16, 12, 17, 8, 29, 5, 17, 15, 40, 19, 17, 3, 7, 7, 9, 7, 8, 10, 7, 5, 14, 11, 17, 4, 8, 12, 11, 13, 4, 11, 15, 12, 5, 10]"
17,37510,136,test,"[1, 0, 0, 0, 0, 0, 11, 0, 1, 0, 1, 1, 0, 1, 1, 1, 1, 0, 0, 3, 0, 0, 2, 1, 1, 1, 2, 1, 3, 0, 2, 1, 9, 0, 1, 0, 0, 0, 0, 0, 1, 2, 0, 4, 0, 0, 0, 0, 0, 3, 0, 0, 0, 0, 0, 0, 1, 0, 1, 1, 0, 0, 1, 1, 1, 0, 0, 1, 2, 3, 1, 4, 1, 1, 1, 0, 2, 3, 0, 0, 0, 0, 1, 1, 0, 0, 2, 1, 0, 0, 1, 2, 0, 0, 0, 1, 0, 0, 2, 3, 2, 1, 1, 0, 3, 1, 1, 0, 0, 1, 2, 2, 0, 2, 0, 0, 0, 0, 2, 3, 1, 0, 1, 1, 1, 2, 0, 0, 3, 3, 1, 1, 4, 0, 1, 1]"
18,37861,136,test,"[8, 49, 20, 25, 14, 23, 1, 43, 49, 13, 17, 25, 0, 16, 15, 4, 12, 9, 12, 10, 19, 8, 6, 14, 14, 13, 18, 8, 36, 14, 22, 26, 9, 12, 31, 23, 26, 16, 17, 4, 11, 13, 12, 14, 9, 25, 4, 24, 8, 12, 7, 3, 16, 8, 10, 36, 39, 26, 8, 9, 35, 16, 21, 10, 13, 27, 18, 39, 9, 5, 20, 20, 16, 8, 1, 13, 22, 24, 8, 15, 10, 7, 22, 22, 18, 44, 20, 19, 22, 16, 18, 21, 5, 9, 46, 19, 58, 6, 14, 21, 42, 36, 25, 11, 18, 37, 15, 2, 22, 23, 18, 12, 13, 26, 12, 16, 32, 26, 14, 31, 23, 23, 36, 32, 23, 117, 12, 1, 20, 14, 63, 16, 64, 30, 31, 21]"
19,38518,136,test,"[2, 5, 2, 0, 7, 3, 12, 2, 1, 0, 1, 1, 1, 0, 4, 1, 5, 1, 1, 0, 0, 9, 4, 4, 3, 0, 0, 1, 2, 1, 2, 0, 2, 0, 0, 1, 2, 1, 0, 1, 0, 3, 1, 2, 1, 0, 0, 2, 1, 5, 1, 3, 1, 0, 0, 0, 0, 9, 8, 1, 0, 0, 1, 6, 2, 4, 1, 2, 3, 0, 15, 4, 3, 1, 1, 4, 4, 0, 4, 2, 2, 1, 2, 2, 4, 0, 1, 5, 0, 1, 1, 3, 4, 4, 2, 3, 7, 3, 4, 6, 5, 1, 6, 0, 1, 3, 2, 4, 1, 6, 1, 1, 0, 1, 2, 4, 1, 1, 1, 2, 5, 4, 2, 1, 4, 0, 6, 1, 3, 4, 2, 6, 2, 11, 6, 4]"
20,39436,136,test,"[60, 57, 22, 12, 28, 28, 32, 6, 41, 14, 33, 23, 26, 8, 0, 2, 1, 5, 0, 2, 11, 2, 3, 3, 4, 4, 2, 4, 3, 2, 3, 6, 2, 2, 2, 2, 1, 0, 8, 2, 2, 1, 2, 3, 3, 0, 2, 2, 3, 0, 2, 1, 2, 1, 0, 1, 5, 0, 1, 5, 0, 0, 2, 2, 1, 1, 1, 1, 2, 0, 3, 2, 1, 1, 2, 0, 12, 2, 3, 2, 4, 2, 2, 3, 3, 1, 1, 1, 4, 1, 2, 5, 1, 1, 10, 0, 0, 0, 2, 3, 1, 0, 6, 5, 2, 1, 0, 0, 3, 4, 8, 0, 5, 2, 0, 1, 1, 6, 3, 3, 2, 5, 3, 0, 2, 4, 1, 2, 6, 2, 3, 0, 4, 2, 4, 8]"
21,40759,135,validation,"[12, 14, 12, 8, 12, 5, 3, 10, 15, 6, 4, 9, 7, 6, 7, 9, 4, 5, 6, 7, 3, 18, 3, 1, 17, 4, 3, 8, 9, 16, 5, 11, 11, 11, 19, 2, 2, 6, 6, 6, 2, 3, 6, 5, 7, 10, 0, 7, 9, 2, 2, 4, 8, 4, 5, 8, 6, 14, 11, 10, 11, 10, 4, 10, 11, 7, 6, 14, 13, 14, 16, 12, 12, 23, 18, 10, 23, 15, 11, 22, 25, 35, 26, 22, 28, 12, 7, 9, 4, 10, 10, 27, 5, 4, 9, 8, 0, 3, 7, 2, 8, 10, 6, 6, 16, 12, 7, 2, 8, 4, 5, 3, 8, 7, 3, 3, 10, 10, 7, 12, 11, 5, 9, 6, 10, 9, 9, 3, 7, 2, 2, 7, 6, 6, 3]"
22,41830,136,test,"[1, 2, 0, 4, 2, 1, 3, 2, 3, 2, 4, 0, 1, 2, 4, 2, 2, 2, 1, 0, 1, 8, 0, 0, 2, 1, 1, 3, 5, 5, 3, 2, 0, 2, 1, 2, 0, 1, 0, 0, 1, 1, 0, 1, 4, 1, 1, 2, 2, 5, 8, 5, 5, 6, 2, 6, 4, 3, 2, 0, 2, 7, 0, 4, 0, 1, 2, 1, 2, 2, 1, 4, 1, 5, 6, 1, 0, 2, 2, 4, 5, 3, 2, 1, 3, 2, 1, 1, 2, 2, 6, 5, 5, 4, 4, 3, 2, 4, 3, 3, 0, 2, 4, 1, 3, 1, 3, 0, 3, 1, 4, 3, 3, 1, 1, 1, 4, 3, 3, 3, 1, 0, 4, 5, 2, 2, 2, 5, 2, 1, 1, 2, 1, 3, 0, 1]"
23,42424,136,test,"[6, 4, 3, 0, 5, 5, 6, 1, 5, 2, 5, 14, 4, 2, 0, 6, 2, 1, 1, 2, 4, 3, 1, 0, 3, 1, 2, 2, 3, 4, 7, 3, 2, 3, 4, 6, 4, 1, 8, 0, 3, 2, 9, 5, 0, 1, 2, 1, 1, 8, 5, 5, 4, 3, 5, 2, 2, 2, 10, 4, 4, 1, 7, 6, 7, 4, 7, 4, 5, 7, 13, 18, 4, 2, 5, 5, 6, 4, 15, 4, 5, 6, 30, 8, 8, 3, 2, 1, 0, 8, 5, 7, 6, 0, 4, 6, 2, 9, 7, 5, 6, 7, 19, 6, 4, 10, 5, 10, 7, 9, 0, 8, 3, 3, 7, 2, 11, 15, 5, 2, 2, 4, 8, 6, 9, 11, 8, 6, 13, 4, 11, 10, 15, 6, 7, 6]"
24,42496,136,test,"[9, 3, 7, 3, 6, 0, 1, 0, 0, 1, 0, 1, 5, 2, 5, 9, 0, 8, 3, 1, 1, 4, 3, 2, 7, 2, 10, 4, 11, 5, 6, 2, 3, 1, 2, 12, 0, 2, 6, 6, 4, 7, 2, 3, 4, 7, 0, 4, 3, 5, 3, 2, 5, 0, 0, 0, 7, 2, 6, 10, 3, 3, 11, 1, 6, 4, 10, 7, 4, 4, 33, 39, 5, 0, 7, 8, 4, 4, 3, 3, 1, 2, 2, 17, 5, 15, 1, 2, 4, 4, 16, 14, 6, 1, 5, 1, 4, 7, 12, 1, 6, 0, 1, 10, 13, 3, 6, 2, 2, 8, 8, 3, 5, 6, 5, 4, 2, 6, 3, 6, 14, 4, 13, 13, 4, 8, 0, 1, 3, 5, 2, 7, 6, 7, 1, 2]"
25,43630,136,test,"[1, 3, 5, 3, 6, 4, 5, 1, 3, 9, 1, 2, 3, 0, 5, 4, 5, 3, 3, 3, 4, 2, 1, 5, 1, 3, 4, 4, 5, 8, 8, 3, 1, 5, 5, 5, 2, 3, 3, 8, 4, 0, 4, 2, 10, 3, 2, 5, 1, 6, 4, 4, 1, 2, 5, 5, 3, 5, 6, 4, 1, 4, 10, 4, 2, 4, 3, 8, 4, 17, 1, 5, 1, 2, 2, 4, 4, 5, 2, 3, 1, 3, 6, 3, 3, 3, 3, 3, 5, 2, 0, 6, 2, 3, 9, 0, 1, 1, 4, 10, 7, 1, 2, 3, 0, 9, 2, 5, 3, 4, 5, 5, 7, 9, 3, 14, 6, 2, 2, 9, 9, 10, 3, 4, 6, 2, 4, 4, 2, 4, 12, 6, 7, 8, 6, 6]"
26,43657,136,validation,"[1, 1, 1, 0, 3, 2, 2, 1, 3, 1, 1, 0, 1, 0, 1, 1, 0, 0, 0, 1, 0, 0, 2, 0, 0, 0, 2, 0, 1, 0, 1, 0, 0, 4, 0, 3, 7, 0, 1, 1, 2, 1, 1, 2, 1, 0, 1, 4, 1, 0, 0, 2, 1, 2, 1, 0, 0, 1, 0, 0, 0, 3, 1, 1, 0, 4, 0, 2, 3, 0, 3, 1, 0, 1, 1, 1, 1, 2, 1, 0, 1, 5, 1, 0, 2, 1, 0, 2, 2, 5, 1, 1, 1, 1, 0, 1, 1, 1, 3, 1, 1, 2, 0, 4, 1, 2, 0, 0, 2, 1, 2, 0, 0, 1, 0, 2, 0, 3, 0, 1, 2, 3, 0, 2, 1, 3, 3, 3, 4, 0, 1, 4, 4, 8, 3, 3]"
27,43738,136,test,"[2, 2, 6, 1, 0, 4, 1, 0, 1, 4, 2, 0, 7, 0, 3, 0, 1, 0, 2, 2, 0, 1, 3, 0, 3, 0, 0, 0, 5, 1, 4, 0, 1, 1, 1, 0, 1, 1, 0, 2, 1, 0, 2, 6, 0, 1, 0, 1, 1, 3, 4, 2, 7, 2, 0, 4, 3, 2, 9, 0, 1, 1, 4, 7, 1, 3, 3, 1, 4, 1, 2, 4, 4, 2, 1, 5, 0, 3, 3, 4, 10, 4, 5, 5, 0, 0, 0, 3, 2, 3, 0, 3, 0, 1, 1, 0, 2, 0, 13, 6, 3, 2, 10, 5, 1, 3, 3, 6, 3, 8, 3, 6, 2, 3, 3, 4, 1, 2, 3, 1, 2, 4, 5, 2, 1, 2, 2, 4, 1, 3, 11, 5, 3, 1, 6, 2]"
28,48940,134,validation,"[2, 0, 0, 0, 9, 1, 0, 0, 0, 0, 1, 11, 0, 3, 1, 0, 0, 2, 0, 1, 0, 4, 1, 0, 2, 0, 3, 0, 5, 2, 0, 0, 0, 7, 1, 4, 0, 0, 0, 3, 1, 6, 2, 0, 0, 1, 0, 2, 5, 3, 7, 2, 1, 1, 10, 0, 4, 0, 1, 1, 1, 4, 2, 2, 0, 0, 2, 0, 0, 0, 1, 3, 0, 0, 2, 3, 4, 2, 1, 14, 1, 1, 0, 5, 2, 0, 1, 2, 0, 6, 6, 2, 1, 1, 3, 2, 2, 3, 1, 9, 0, 0, 10, 11, 3, 1, 0, 0, 0, 0, 1, 4, 2, 2, 10, 0, 0, 2, 8, 5, 3, 3, 1, 2, 4, 2, 2, 3, 0, 3, 2, 7, 1, 3]"
29,50785,136,validation,"[3, 4, 2, 3, 5, 0, 1, 3, 5, 1, 0, 2, 0, 0, 1, 2, 0, 1, 0, 0, 1, 1, 1, 6, 3, 2, 2, 1, 2, 4, 8, 1, 4, 1, 14, 4, 2, 2, 0, 2, 6, 0, 1, 1, 2, 4, 0, 0, 3, 3, 4, 7, 4, 4, 5, 2, 8, 1, 0, 2, 3, 0, 0, 0, 0, 5, 1, 3, 4, 2, 2, 3, 0, 1, 2, 4, 0, 0, 0, 0, 1, 1, 0, 2, 1, 2, 0, 0, 0, 1, 1, 0, 2, 2, 0, 0, 3, 1, 1, 0, 0, 1, 3, 6, 7, 1, 0, 1, 1, 1, 0, 4, 8, 2, 13, 5, 7, 16, 0, 0, 2, 3, 2, 5, 0, 2, 1, 0, 0, 0, 1, 1, 2, 17, 24, 20]"
30,57058,135,test,"[3, 2, 1, 3, 0, 3, 2, 1, 1, 0, 0, 1, 4, 1, 0, 0, 4, 0, 0, 0, 0, 0, 0, 0, 2, 0, 0, 0, 0, 0, 0, 0, 0, 3, 1, 0, 1, 1, 2, 1, 3, 2, 1, 0, 1, 0, 0, 1, 0, 2, 0, 0, 2, 2, 1, 0, 1, 1, 0, 2, 0, 0, 0, 1, 0, 0, 0, 0, 0, 1, 4, 8, 0, 0, 0, 0, 1, 2, 1, 0, 0, 0, 0, 2, 1, 0, 1, 1, 3, 3, 0, 3, 2, 0, 0, 0, 1, 1, 0, 1, 2, 2, 0, 0, 0, 3, 0, 16, 0, 0, 0, 0, 0, 0, 3, 0, 1, 2, 1, 5, 0, 1, 2, 2, 3, 2, 1, 1, 0, 0, 0, 0, 1, 1, 3]"
31,59047,134,validation,"[3, 0, 0, 0, 0, 1, 0, 0, 2, 2, 0, 2, 0, 0, 1, 1, 0, 1, 0, 0, 0, 0, 0, 0, 5, 3, 0, 0, 7, 0, 2, 8, 3, 4, 0, 0, 0, 0, 0, 0, 1, 0, 0, 1, 1, 0, 4, 0, 1, 1, 2, 1, 0, 0, 0, 0, 0, 0, 0, 2, 0, 0, 2, 0, 0, 4, 2, 2, 3, 4, 0, 1, 0, 2, 0, 3, 2, 3, 1, 0, 1, 2, 0, 4, 0, 0, 1, 2, 0, 0, 0, 0, 0, 0, 3, 0, 1, 1, 2, 1, 0, 2, 2, 3, 11, 0, 18, 1, 0, 0, 1, 4, 1, 2, 0, 2, 1, 0, 4, 4, 3, 2, 0, 0, 1, 0, 0, 6, 0, 0, 0, 0, 1, 3]"
32,59749,136,validation,"[8, 8, 10, 3, 6, 6, 6, 11, 6, 6, 2, 8, 5, 5, 2, 9, 6, 5, 5, 4, 7, 7, 4, 6, 8, 4, 3, 9, 9, 3, 8, 3, 4, 3, 3, 2, 8, 5, 7, 3, 8, 4, 3, 13, 6, 1, 3, 1, 8, 5, 5, 5, 4, 9, 5, 5, 6, 5, 4, 6, 5, 2, 9, 19, 7, 13, 6, 4, 10, 17, 9, 9, 15, 8, 15, 10, 10, 18, 9, 12, 8, 16, 21, 11, 25, 11, 7, 6, 16, 11, 13, 13, 17, 7, 4, 11, 7, 7, 9, 15, 2, 5, 11, 6, 8, 3, 2, 12, 4, 5, 1, 7, 13, 8, 7, 4, 13, 7, 4, 7, 5, 4, 3, 3, 11, 4, 6, 7, 1, 2, 6, 2, 7, 2, 3, 10]"
33,64978,134,validation,"[1, 1, 2, 0, 0, 1, 1, 2, 2, 1, 0, 1, 0, 1, 0, 0, 0, 1, 0, 1, 0, 0, 0, 0, 2, 0, 0, 1, 2, 1, 1, 2, 0, 0, 0, 1, 0, 1, 0, 1, 0, 2, 1, 2, 0, 1, 1, 0, 1, 0, 0, 0, 1, 1, 0, 6, 3, 1, 1, 4, 0, 1, 1, 0, 2, 0, 0, 1, 1, 2, 1, 1, 2, 0, 0, 0, 0, 1, 0, 0, 0, 0, 0, 1, 2, 0, 0, 0, 1, 0, 0, 1, 0, 1, 2, 0, 0, 0, 0, 0, 1, 0, 1, 1, 1, 0, 0, 0, 0, 1, 0, 0, 0, 0, 0, 0, 2, 1, 0, 0, 0, 0, 3, 0, 0, 0, 2, 0, 1, 0, 1, 1, 1, 1]"
34,65788,136,test,"[7, 12, 7, 5, 5, 8, 6, 8, 7, 7, 5, 9, 8, 7, 2, 7, 16, 9, 10, 9, 4, 9, 6, 5, 10, 8, 9, 4, 0, 1, 0, 1, 0, 1, 1, 0, 0, 1, 5, 0, 0, 0, 2, 4, 1, 1, 2, 0, 2, 1, 1, 1, 0, 1, 1, 2, 2, 1, 3, 5, 1, 1, 3, 2, 1, 2, 2, 1, 1, 1, 4, 3, 1, 2, 2, 1, 4, 0, 2, 0, 3, 1, 1, 1, 0, 0, 1, 1, 2, 3, 3, 2, 2, 1, 0, 3, 1, 0, 4, 1, 3, 3, 0, 0, 1, 3, 1, 0, 1, 3, 1, 1, 1, 2, 0, 0, 2, 2, 5, 0, 4, 4, 0, 0, 1, 3, 2, 1, 2, 2, 0, 0, 0, 1, 3, 3]"
35,75886,136,validation,"[2, 0, 5, 1, 7, 1, 1, 1, 1, 0, 0, 2, 1, 1, 1, 3, 0, 1, 1, 2, 0, 6, 0, 0, 4, 2, 1, 0, 0, 3, 0, 1, 0, 0, 0, 1, 1, 0, 3, 1, 2, 1, 1, 1, 0, 2, 0, 0, 0, 1, 0, 0, 1, 2, 1, 4, 2, 1, 2, 2, 1, 2, 7, 1, 1, 1, 1, 4, 0, 0, 1, 0, 2, 3, 3, 4, 0, 1, 4, 2, 2, 0, 2, 3, 0, 0, 0, 0, 0, 0, 1, 8, 2, 2, 1, 1, 1, 2, 4, 0, 0, 0, 2, 1, 6, 0, 0, 0, 0, 0, 0, 0, 0, 0, 0, 0, 0, 0, 0, 1, 1, 4, 3, 1, 0, 3, 2, 1, 2, 2, 1, 0, 3, 5, 1, 2]"
36,76399,126,validation,"[14, 4, 3, 5, 1, 0, 2, 3, 0, 0, 0, 3, 3, 0, 4, 2, 0, 12, 2, 7, 2, 0, 8, 0, 5, 3, 5, 3, 6, 0, 1, 1, 3, 5, 2, 4, 0, 3, 10, 4, 6, 2, 4, 1, 8, 0, 3, 16, 0, 6, 4, 0, 2, 3, 0, 3, 0, 1, 10, 0, 4, 3, 2, 3, 7, 6, 1, 2, 2, 4, 0, 6, 1, 0, 0, 1, 2, 18, 3, 7, 12, 5, 1, 4, 13, 1, 3, 0, 7, 2, 8, 4, 3, 1, 13, 3, 1, 3, 15, 5, 5, 3, 1, 2, 18, 10, 0, 5, 4, 6, 9, 32, 1, 5, 3, 3, 4, 6, 11, 2, 9, 20, 1, 7, 3, 7]"
37,86974,127,validation,"[4, 0, 8, 1, 10, 3, 2, 2, 0, 2, 0, 6, 3, 2, 2, 1, 3, 1, 1, 0, 0, 0, 0, 0, 0, 0, 0, 0, 0, 0, 1, 1, 4, 4, 4, 4, 10, 8, 1, 0, 0, 0, 0, 0, 0, 0, 0, 0, 0, 4, 8, 2, 5, 6, 0, 0, 0, 0, 0, 0, 0, 0, 0, 0, 0, 8, 3, 5, 10, 4, 1, 3, 4, 2, 1, 0, 2, 10, 1, 4, 2, 1, 2, 3, 9, 2, 0, 2, 5, 1, 13, 8, 4, 10, 7, 2, 1, 3, 7, 15, 1, 5, 5, 1, 2, 2, 7, 1, 2, 11, 2, 7, 2, 0, 1, 0, 0, 0, 0, 0, 0, 0, 0, 0, 0, 18, 5]"
38,86992,136,test,"[4, 0, 1, 11, 4, 2, 4, 18, 1, 3, 8, 3, 2, 2, 7, 4, 5, 6, 12, 1, 4, 3, 7, 4, 2, 5, 10, 4, 10, 5, 9, 4, 6, 4, 4, 14, 3, 6, 8, 5, 2, 8, 3, 4, 3, 18, 5, 13, 2, 8, 7, 8, 10, 2, 9, 5, 9, 8, 7, 9, 5, 7, 4, 4, 4, 10, 3, 14, 6, 7, 4, 9, 11, 5, 11, 2, 30, 5, 8, 4, 13, 6, 10, 6, 8, 11, 1, 14, 4, 4, 12, 23, 7, 7, 11, 4, 3, 11, 2, 6, 4, 9, 13, 2, 5, 4, 15, 4, 8, 9, 33, 5, 8, 4, 5, 14, 9, 26, 4, 9, 7, 10, 10, 9, 20, 15, 10, 5, 6, 11, 27, 12, 12, 10, 20, 12]"
39,87046,115,test,"[3, 1, 2, 0, 4, 0, 0, 0, 0, 2, 0, 3, 1, 0, 0, 2, 0, 1, 0, 0, 0, 0, 0, 0, 0, 0, 0, 0, 0, 0, 0, 0, 3, 1, 1, 2, 2, 2, 4, 3, 0, 2, 3, 2, 1, 2, 0, 0, 0, 2, 0, 3, 2, 0, 2, 1, 0, 0, 0, 0, 0, 0, 0, 0, 0, 7, 4, 0, 3, 3, 3, 2, 2, 1, 2, 0, 1, 2, 5, 1, 2, 1, 4, 0, 1, 4, 5, 1, 4, 2, 3, 5, 2, 1, 1, 2, 0, 1, 1, 1, 1, 1, 1, 2, 1, 1, 4, 3, 2, 3, 2, 0, 2, 0, 1]"
40,87559,136,test,"[6, 1, 1, 6, 0, 2, 5, 3, 13, 1, 0, 1, 3, 1, 1, 4, 1, 8, 0, 0, 4, 1, 0, 5, 3, 1, 2, 5, 3, 5, 2, 1, 1, 2, 3, 4, 1, 1, 2, 2, 0, 2, 3, 4, 1, 5, 0, 2, 5, 3, 7, 2, 2, 1, 1, 2, 2, 4, 2, 3, 5, 1, 2, 3, 1, 0, 2, 2, 3, 1, 0, 4, 3, 6, 4, 1, 3, 2, 29, 3, 7, 2, 10, 5, 8, 1, 1, 4, 3, 5, 5, 30, 6, 1, 4, 5, 6, 2, 2, 6, 3, 7, 1, 6, 4, 8, 4, 1, 1, 4, 4, 3, 3, 2, 1, 4, 3, 6, 6, 3, 3, 6, 4, 11, 1, 4, 5, 1, 3, 2, 3, 1, 11, 2, 5, 6]"
41,88450,134,test,"[4, 10, 51, 17, 27, 10, 16, 1, 5, 15, 28, 4, 13, 26, 47, 2, 19, 10, 7, 1, 11, 9, 7, 19, 17, 15, 8, 0, 77, 8, 12, 15, 60, 6, 19, 12, 4, 26, 28, 6, 15, 33, 4, 22, 15, 15, 8, 19, 11, 18, 8, 14, 14, 30, 15, 10, 12, 22, 12, 4, 10, 3, 12, 4, 8, 7, 15, 38, 8, 13, 10, 11, 4, 4, 10, 20, 9, 7, 8, 3, 14, 3, 4, 13, 60, 6, 11, 13, 29, 10, 21, 20, 6, 7, 5, 0, 5, 7, 3, 9, 1, 14, 13, 22, 10, 10, 7, 9, 9, 19, 6, 18, 5, 10, 16, 16, 11, 34, 14, 9, 1, 0, 16, 15, 14, 15, 3, 9, 2, 13, 10, 52, 12, 9]"
42,99079,136,validation,"[2, 4, 3, 2, 5, 5, 2, 1, 4, 1, 1, 3, 2, 1, 0, 2, 4, 1, 3, 0, 3, 1, 0, 4, 2, 3, 7, 1, 6, 1, 3, 6, 4, 5, 1, 4, 2, 3, 0, 3, 2, 4, 4, 2, 0, 3, 3, 1, 4, 1, 5, 2, 3, 0, 4, 1, 2, 18, 4, 6, 2, 1, 4, 4, 3, 1, 3, 1, 1, 2, 7, 1, 2, 3, 2, 2, 0, 3, 2, 2, 4, 3, 7, 5, 5, 8, 3, 1, 0, 1, 2, 4, 6, 7, 5, 0, 3, 5, 5, 1, 4, 2, 2, 2, 2, 0, 0, 4, 23, 6, 1, 0, 2, 0, 4, 4, 3, 1, 0, 1, 6, 1, 2, 2, 1, 2, 4, 1, 4, 0, 2, 1, 3, 4, 4, 3]"
43,110320,136,validation,"[5, 3, 5, 3, 2, 7, 5, 1, 10, 9, 1, 2, 11, 5, 5, 6, 6, 1, 5, 4, 4, 1, 6, 1, 3, 8, 5, 4, 7, 10, 11, 1, 8, 14, 6, 4, 3, 13, 3, 5, 6, 5, 10, 7, 2, 8, 5, 5, 5, 3, 7, 7, 5, 4, 4, 7, 16, 5, 9, 5, 5, 3, 8, 3, 17, 13, 6, 7, 11, 16, 5, 5, 3, 4, 10, 8, 2, 8, 10, 16, 10, 12, 5, 2, 6, 7, 5, 6, 6, 3, 8, 16, 4, 5, 7, 2, 6, 4, 6, 9, 13, 5, 7, 11, 12, 8, 2, 9, 4, 5, 5, 11, 15, 7, 5, 9, 7, 11, 4, 4, 3, 8, 7, 8, 0, 4, 2, 5, 2, 8, 3, 0, 4, 1, 4, 11]"
44,111382,136,test,"[1, 2, 5, 0, 6, 4, 4, 1, 7, 2, 1, 2, 0, 5, 3, 8, 2, 0, 0, 4, 3, 1, 1, 2, 3, 5, 2, 3, 2, 2, 1, 0, 0, 0, 1, 1, 3, 6, 5, 3, 1, 1, 4, 0, 1, 1, 2, 1, 3, 1, 0, 2, 2, 2, 0, 1, 0, 7, 4, 1, 2, 2, 3, 2, 1, 5, 1, 2, 8, 2, 0, 1, 1, 2, 0, 3, 0, 0, 2, 0, 0, 1, 1, 0, 2, 1, 2, 1, 8, 2, 4, 0, 2, 1, 2, 1, 0, 2, 2, 2, 0, 0, 2, 1, 5, 1, 1, 1, 0, 1, 1, 3, 1, 2, 1, 3, 0, 1, 0, 0, 4, 3, 0, 2, 5, 3, 1, 0, 2, 2, 1, 1, 0, 2, 1, 3]"
45,111436,133,test,"[1, 2, 0, 0, 4, 0, 1, 1, 0, 0, 1, 5, 2, 0, 2, 1, 0, 0, 2, 2, 2, 0, 0, 2, 1, 0, 0, 3, 0, 0, 0, 0, 0, 0, 1, 1, 0, 1, 2, 0, 2, 0, 0, 0, 0, 1, 0, 0, 0, 3, 0, 2, 1, 2, 1, 2, 0, 0, 2, 1, 3, 1, 3, 1, 9, 0, 0, 0, 10, 2, 1, 1, 0, 1, 4, 3, 1, 5, 0, 1, 1, 2, 1, 2, 0, 1, 0, 3, 0, 4, 7, 4, 1, 1, 0, 0, 0, 2, 2, 1, 4, 2, 0, 2, 0, 3, 2, 3, 1, 4, 0, 8, 1, 0, 3, 0, 1, 0, 2, 0, 1, 1, 2, 1, 5, 0, 0, 0, 2, 1, 0, 5, 1]"
46,117610,135,test,"[1, 1, 2, 3, 2, 1, 2, 1, 1, 1, 2, 0, 3, 2, 1, 1, 2, 0, 2, 1, 1, 5, 2, 3, 5, 0, 1, 3, 4, 3, 11, 7, 7, 11, 12, 8, 7, 13, 4, 5, 4, 15, 0, 1, 0, 2, 1, 0, 4, 1, 5, 8, 2, 6, 7, 3, 2, 2, 4, 0, 2, 1, 1, 1, 1, 1, 1, 1, 0, 0, 1, 0, 1, 0, 1, 1, 24, 0, 2, 0, 2, 0, 1, 2, 2, 0, 1, 0, 0, 0, 2, 1, 1, 7, 3, 1, 0, 0, 2, 0, 0, 0, 2, 1, 2, 0, 0, 6, 0, 1, 0, 1, 2, 1, 1, 0, 2, 2, 0, 1, 0, 2, 4, 0, 2, 2, 0, 0, 2, 0, 3, 0, 2, 1, 1]"
47,118033,136,validation,"[4, 1, 2, 1, 1, 3, 1, 0, 1, 0, 0, 4, 3, 1, 3, 1, 0, 0, 4, 0, 3, 3, 1, 1, 0, 5, 3, 2, 2, 0, 1, 2, 2, 2, 1, 0, 3, 1, 3, 3, 4, 0, 3, 2, 1, 1, 3, 3, 4, 1, 4, 0, 0, 2, 1, 5, 2, 2, 0, 0, 0, 1, 0, 1, 8, 1, 1, 0, 0, 1, 1, 4, 1, 0, 1, 3, 3, 0, 1, 3, 1, 1, 5, 3, 3, 0, 0, 1, 1, 1, 3, 25, 3, 3, 6, 5, 0, 2, 8, 4, 2, 0, 3, 2, 5, 0, 2, 2, 1, 1, 4, 2, 2, 1, 3, 3, 3, 5, 1, 1, 6, 2, 2, 3, 3, 4, 4, 1, 1, 0, 2, 2, 1, 1, 1, 1]"
48,119554,136,test,"[4, 13, 9, 17, 6, 18, 22, 17, 17, 11, 32, 8, 12, 32, 20, 5, 11, 26, 18, 6, 14, 19, 20, 7, 36, 15, 8, 19, 11, 13, 7, 7, 25, 43, 22, 15, 7, 18, 12, 12, 10, 52, 24, 15, 2, 16, 26, 34, 20, 15, 12, 16, 15, 29, 49, 37, 23, 41, 23, 19, 23, 38, 28, 20, 18, 20, 29, 12, 19, 33, 79, 21, 14, 19, 26, 16, 30, 10, 12, 27, 26, 37, 58, 18, 17, 21, 7, 14, 49, 24, 17, 32, 8, 20, 30, 21, 137, 16, 25, 18, 18, 32, 9, 34, 37, 10, 54, 20, 12, 47, 30, 36, 46, 14, 11, 17, 20, 29, 16, 17, 31, 20, 13, 52, 18, 50, 15, 21, 23, 18, 13, 49, 13, 8, 25, 14]"
49,123307,136,test,"[87, 87, 68, 114, 98, 72, 43, 101, 56, 85, 98, 69, 65, 68, 68, 71, 54, 68, 47, 37, 58, 60, 40, 68, 93, 138, 53, 83, 44, 79, 62, 60, 50, 38, 36, 52, 53, 41, 76, 50, 77, 50, 51, 51, 42, 52, 31, 41, 45, 44, 44, 75, 53, 58, 31, 76, 54, 66, 71, 31, 81, 54, 55, 75, 64, 40, 93, 36, 48, 39, 54, 85, 41, 68, 91, 58, 57, 60, 96, 86, 163, 105, 86, 83, 111, 65, 70, 64, 128, 66, 151, 199, 48, 75, 87, 73, 86, 99, 68, 94, 125, 64, 89, 85, 81, 67, 101, 52, 65, 94, 50, 134, 75, 23, 86, 126, 28, 48, 82, 47, 25, 0, 0, 0, 2, 149, 82, 123, 20, 36, 0, 2, 146, 205, 19, 147]"
50,124774,135,validation,"[2, 1, 3, 0, 0, 7, 10, 6, 0, 1, 3, 1, 3, 11, 3, 3, 3, 0, 2, 12, 1, 3, 2, 8, 1, 3, 2, 0, 5, 0, 2, 5, 1, 3, 6, 2, 3, 1, 4, 0, 2, 5, 2, 1, 3, 5, 2, 4, 3, 3, 5, 6, 8, 1, 1, 2, 1, 1, 2, 4, 8, 3, 3, 2, 2, 3, 2, 5, 12, 0, 3, 2, 3, 7, 1, 6, 8, 9, 15, 1, 3, 2, 0, 5, 3, 3, 3, 0, 11, 2, 2, 3, 4, 2, 4, 2, 1, 5, 5, 2, 2, 3, 26, 2, 11, 5, 0, 8, 3, 0, 1, 0, 2, 6, 0, 0, 0, 2, 0, 0, 0, 0, 0, 0, 0, 0, 0, 0, 0, 0, 0, 0, 1, 2, 4]"
51,124954,136,validation,"[2, 3, 2, 3, 1, 2, 0, 3, 0, 0, 2, 1, 3, 4, 0, 3, 0, 4, 2, 4, 2, 5, 1, 0, 3, 3, 2, 3, 5, 6, 9, 1, 5, 7, 5, 8, 5, 8, 10, 6, 2, 5, 4, 4, 4, 9, 5, 11, 9, 6, 3, 6, 2, 1, 3, 5, 4, 3, 5, 3, 2, 2, 2, 2, 3, 1, 1, 4, 2, 2, 1, 2, 2, 2, 1, 3, 3, 3, 5, 2, 1, 2, 1, 4, 2, 1, 1, 3, 2, 2, 3, 4, 2, 1, 2, 4, 2, 5, 2, 3, 2, 3, 3, 1, 2, 3, 0, 1, 1, 0, 2, 1, 0, 2, 2, 1, 4, 5, 5, 4, 4, 7, 3, 4, 6, 6, 5, 2, 1, 3, 5, 4, 6, 8, 4, 2]"
52,130993,135,test,"[5, 2, 2, 3, 1, 1, 1, 7, 4, 1, 3, 0, 0, 1, 0, 2, 2, 2, 2, 5, 2, 0, 0, 0, 3, 0, 0, 0, 4, 0, 5, 6, 25, 6, 1, 0, 0, 3, 0, 2, 1, 8, 10, 13, 8, 9, 15, 1, 1, 4, 3, 1, 0, 0, 0, 2, 4, 0, 0, 4, 0, 1, 0, 0, 2, 1, 4, 1, 0, 5, 1, 0, 3, 1, 0, 0, 0, 0, 1, 0, 2, 3, 0, 4, 5, 1, 1, 0, 16, 3, 5, 3, 1, 1, 2, 0, 2, 1, 2, 0, 3, 1, 0, 3, 14, 4, 4, 4, 8, 3, 5, 3, 1, 1, 0, 4, 2, 1, 1, 1, 3, 0, 4, 1, 0, 0, 1, 0, 1, 7, 0, 3, 16, 5, 13]"
53,131983,136,validation,"[2, 9, 7, 9, 3, 6, 7, 4, 11, 4, 9, 4, 3, 5, 6, 6, 7, 13, 1, 2, 7, 5, 2, 3, 2, 1, 4, 5, 2, 2, 4, 6, 5, 3, 5, 1, 4, 6, 2, 3, 7, 3, 4, 7, 5, 6, 4, 8, 14, 5, 13, 5, 3, 2, 6, 3, 9, 2, 7, 9, 3, 7, 1, 2, 6, 2, 4, 6, 4, 1, 9, 7, 8, 2, 4, 4, 2, 6, 7, 8, 2, 7, 5, 12, 7, 7, 5, 7, 4, 9, 6, 7, 6, 2, 2, 10, 10, 8, 4, 2, 1, 4, 10, 5, 3, 0, 0, 2, 4, 4, 2, 1, 5, 7, 6, 9, 2, 5, 10, 5, 6, 2, 7, 2, 7, 6, 1, 5, 3, 5, 7, 10, 6, 3, 3, 3]"
54,132028,136,validation,"[26, 16, 55, 18, 28, 20, 21, 18, 12, 16, 19, 14, 13, 24, 9, 19, 34, 10, 26, 15, 11, 13, 15, 19, 20, 20, 34, 20, 26, 20, 14, 45, 35, 37, 36, 29, 16, 13, 14, 32, 18, 17, 75, 13, 24, 10, 14, 19, 10, 14, 19, 22, 30, 26, 72, 30, 37, 16, 14, 26, 22, 84, 29, 23, 16, 19, 14, 21, 19, 21, 23, 20, 9, 15, 16, 24, 18, 4, 29, 7, 23, 14, 30, 24, 14, 21, 14, 11, 7, 7, 32, 12, 6, 11, 19, 10, 10, 23, 15, 21, 45, 16, 20, 36, 22, 23, 14, 16, 12, 13, 18, 22, 54, 39, 40, 35, 65, 32, 30, 19, 21, 25, 6, 15, 22, 24, 17, 16, 17, 22, 19, 29, 15, 14, 26, 17]"
55,132334,136,test,"[2, 7, 2, 1, 0, 0, 7, 0, 3, 3, 6, 6, 3, 1, 0, 1, 3, 0, 1, 4, 1, 0, 1, 4, 1, 0, 4, 1, 1, 0, 0, 0, 0, 4, 4, 0, 0, 4, 3, 1, 1, 5, 1, 6, 3, 1, 1, 3, 0, 3, 6, 5, 3, 1, 5, 0, 5, 18, 10, 4, 2, 5, 4, 1, 15, 13, 4, 8, 1, 4, 5, 4, 8, 2, 6, 1, 2, 5, 6, 9, 3, 6, 3, 3, 3, 5, 2, 0, 5, 3, 5, 8, 12, 4, 10, 7, 2, 1, 1, 4, 4, 0, 1, 1, 1, 8, 5, 6, 2, 5, 7, 4, 0, 3, 2, 1, 2, 4, 0, 2, 5, 2, 2, 0, 1, 4, 1, 1, 6, 2, 0, 0, 1, 1, 4, 5]"
56,138742,136,validation,"[4, 3, 2, 4, 4, 10, 11, 1, 3, 3, 1, 4, 1, 0, 5, 4, 6, 2, 0, 1, 3, 5, 1, 1, 4, 4, 4, 6, 3, 5, 4, 6, 2, 0, 4, 4, 0, 8, 0, 7, 4, 4, 0, 4, 1, 5, 3, 3, 4, 2, 6, 2, 1, 4, 2, 1, 4, 5, 5, 6, 8, 9, 2, 2, 3, 4, 2, 4, 4, 3, 2, 6, 3, 2, 2, 3, 3, 6, 6, 12, 4, 3, 4, 2, 5, 3, 6, 3, 5, 0, 0, 5, 2, 0, 4, 2, 0, 3, 6, 3, 3, 1, 3, 3, 4, 3, 0, 0, 2, 5, 6, 9, 18, 0, 2, 2, 3, 6, 2, 0, 7, 2, 3, 2, 1, 4, 5, 2, 1, 0, 9, 1, 2, 3, 4, 1]"
57,142756,136,validation,"[5, 2, 3, 4, 2, 7, 7, 17, 3, 3, 0, 7, 2, 6, 9, 3, 4, 10, 2, 1, 21, 8, 3, 0, 4, 10, 11, 1, 3, 0, 4, 1, 3, 2, 4, 25, 0, 0, 0, 4, 2, 6, 5, 5, 6, 2, 3, 14, 3, 2, 3, 1, 7, 0, 3, 26, 1, 0, 1, 5, 3, 3, 2, 4, 4, 5, 3, 4, 3, 2, 5, 2, 0, 18, 2, 4, 6, 7, 8, 2, 12, 5, 15, 5, 7, 1, 2, 4, 2, 4, 5, 13, 2, 3, 11, 4, 3, 2, 4, 8, 2, 5, 29, 1, 2, 8, 17, 0, 4, 3, 15, 6, 21, 2, 12, 19, 15, 2, 2, 0, 10, 0, 1, 7, 7, 5, 2, 1, 5, 20, 13, 22, 12, 8, 4, 4]"
58,145330,136,test,"[1, 6, 0, 0, 1, 1, 4, 2, 1, 2, 0, 1, 2, 0, 2, 2, 13, 1, 4, 0, 1, 0, 0, 0, 1, 2, 2, 1, 0, 3, 0, 0, 2, 0, 1, 0, 0, 0, 1, 2, 1, 2, 0, 2, 0, 7, 1, 0, 1, 0, 0, 1, 4, 1, 1, 1, 0, 1, 1, 2, 0, 1, 1, 6, 5, 6, 2, 1, 2, 5, 1, 2, 2, 3, 3, 0, 5, 2, 4, 3, 6, 2, 2, 2, 3, 6, 3, 1, 1, 1, 5, 1, 4, 2, 2, 2, 0, 4, 5, 1, 3, 0, 4, 1, 1, 1, 0, 2, 3, 1, 4, 0, 1, 4, 1, 1, 4, 1, 1, 2, 4, 3, 2, 3, 1, 1, 1, 1, 1, 1, 0, 1, 2, 2, 2, 3]"
59,145978,136,test,"[8, 3, 9, 2, 1, 2, 4, 11, 11, 4, 7, 4, 7, 3, 2, 8, 1, 4, 6, 4, 3, 3, 4, 10, 7, 2, 4, 4, 6, 3, 5, 5, 3, 4, 9, 1, 2, 3, 4, 1, 3, 1, 3, 9, 2, 5, 2, 9, 0, 3, 7, 4, 11, 6, 6, 6, 7, 7, 1, 2, 3, 9, 5, 16, 8, 6, 3, 11, 0, 4, 3, 4, 6, 4, 13, 6, 10, 3, 10, 10, 10, 4, 5, 9, 3, 13, 2, 4, 4, 2, 5, 10, 9, 4, 10, 3, 4, 8, 8, 5, 11, 4, 6, 3, 6, 5, 4, 4, 4, 3, 11, 7, 7, 6, 3, 3, 4, 16, 6, 3, 8, 11, 5, 5, 3, 7, 3, 2, 8, 4, 8, 1, 6, 9, 1, 3]"
60,169504,136,test,"[133, 69, 109, 188, 87, 136, 102, 114, 103, 50, 84, 109, 124, 43, 56, 33, 62, 77, 53, 140, 248, 89, 129, 72, 100, 0, 96, 150, 109, 86, 144, 123, 85, 120, 60, 81, 117, 78, 101, 64, 131, 144, 104, 79, 63, 101, 113, 128, 102, 115, 92, 69, 96, 74, 101, 129, 149, 57, 70, 72, 143, 89, 60, 178, 34, 28, 113, 61, 91, 164, 60, 77, 131, 82, 65, 149, 154, 64, 126, 97, 85, 66, 62, 110, 134, 20, 57, 98, 161, 54, 129, 99, 48, 73, 91, 109, 120, 87, 53, 99, 76, 157, 63, 63, 73, 54, 33, 64, 107, 111, 106, 12, 59, 63, 57, 319, 45, 44, 56, 35, 63, 127, 62, 7, 55, 11, 28, 96, 12, 69, 41, 49, 15, 61, 90, 46]"
61,172033,133,validation,"[5, 7, 6, 3, 4, 5, 6, 7, 13, 6, 2, 1, 5, 3, 4, 2, 3, 2, 4, 4, 4, 0, 2, 6, 2, 4, 1, 6, 5, 15, 14, 7, 22, 19, 17, 39, 28, 46, 39, 25, 34, 44, 8, 16, 11, 23, 15, 26, 19, 2, 8, 6, 9, 49, 2, 4, 3, 3, 7, 1, 0, 2, 2, 5, 1, 1, 1, 1, 1, 8, 2, 0, 2, 3, 3, 3, 2, 1, 8, 3, 2, 1, 1, 5, 3, 1, 0, 0, 0, 5, 1, 2, 0, 2, 0, 1, 0, 2, 6, 6, 4, 1, 3, 0, 1, 0, 1, 1, 1, 4, 0, 1, 1, 2, 0, 7, 0, 1, 1, 2, 0, 0, 4, 1, 5, 4, 0, 2, 0, 0, 2, 0, 3]"
62,172582,136,validation,"[7, 1, 5, 3, 3, 2, 2, 4, 3, 1, 2, 2, 3, 5, 1, 0, 4, 5, 0, 5, 0, 0, 1, 1, 4, 3, 2, 5, 6, 5, 1, 5, 3, 2, 4, 2, 0, 0, 2, 0, 3, 3, 0, 1, 0, 1, 3, 1, 5, 1, 1, 1, 0, 1, 3, 2, 8, 7, 4, 2, 2, 4, 1, 3, 5, 11, 10, 3, 11, 0, 6, 5, 4, 2, 5, 1, 5, 1, 1, 2, 3, 3, 3, 1, 1, 1, 4, 3, 2, 0, 3, 9, 0, 1, 3, 5, 1, 3, 8, 3, 1, 3, 2, 5, 2, 6, 3, 2, 2, 1, 5, 4, 2, 2, 0, 1, 6, 2, 3, 4, 1, 4, 3, 2, 1, 1, 4, 2, 1, 2, 0, 2, 3, 5, 3, 1]"
63,173617,135,validation,"[3, 4, 3, 2, 2, 3, 9, 1, 1, 1, 1, 7, 4, 2, 6, 3, 4, 6, 2, 1, 2, 0, 3, 4, 1, 4, 5, 2, 5, 5, 3, 6, 2, 3, 0, 2, 0, 0, 0, 0, 0, 0, 0, 0, 0, 1, 2, 2, 0, 0, 1, 2, 1, 3, 2, 0, 0, 4, 1, 0, 5, 3, 1, 5, 3, 0, 4, 2, 4, 0, 1, 3, 8, 2, 4, 67, 4, 3, 2, 1, 1, 5, 2, 9, 1, 4, 3, 13, 6, 4, 9, 6, 0, 4, 6, 17, 3, 12, 0, 2, 3, 3, 5, 7, 4, 3, 4, 0, 1, 0, 5, 1, 2, 3, 2, 0, 4, 6, 3, 1, 6, 3, 2, 3, 1, 2, 4, 2, 5, 0, 0, 1, 3, 4, 5]"
64,174436,136,test,"[9, 10, 16, 5, 6, 19, 18, 2, 11, 3, 9, 8, 6, 6, 6, 9, 16, 13, 9, 6, 5, 12, 15, 9, 18, 13, 14, 15, 7, 6, 12, 7, 6, 8, 6, 11, 9, 15, 9, 9, 18, 8, 8, 13, 8, 4, 9, 7, 4, 8, 7, 8, 10, 19, 7, 11, 11, 17, 15, 12, 9, 15, 7, 8, 7, 5, 3, 8, 9, 10, 4, 6, 5, 6, 16, 3, 7, 8, 5, 6, 7, 6, 2, 10, 8, 5, 3, 7, 5, 0, 10, 6, 3, 6, 13, 5, 1, 4, 7, 3, 8, 4, 6, 8, 11, 3, 7, 6, 7, 7, 8, 10, 3, 3, 7, 4, 11, 1, 10, 10, 12, 14, 19, 10, 7, 8, 9, 2, 6, 11, 2, 4, 7, 5, 12, 6]"
65,210868,133,validation,"[1, 3, 3, 1, 1, 2, 0, 0, 0, 1, 1, 7, 0, 0, 0, 0, 0, 0, 0, 0, 0, 3, 0, 0, 1, 0, 1, 1, 0, 2, 0, 1, 4, 1, 0, 2, 3, 0, 0, 0, 0, 0, 0, 1, 1, 0, 2, 1, 0, 0, 0, 3, 1, 0, 2, 0, 0, 0, 3, 1, 2, 2, 6, 0, 0, 1, 2, 0, 1, 1, 0, 2, 1, 3, 0, 0, 1, 3, 0, 2, 2, 2, 1, 0, 1, 1, 3, 0, 0, 0, 1, 0, 0, 1, 0, 1, 4, 2, 2, 3, 4, 2, 1, 4, 0, 1, 3, 2, 2, 2, 1, 1, 3, 4, 0, 1, 2, 1, 0, 1, 1, 2, 2, 2, 3, 3, 0, 1, 0, 0, 1, 1, 1]"
66,211309,136,validation,"[6, 2, 3, 3, 1, 2, 0, 2, 1, 3, 4, 2, 5, 2, 2, 3, 6, 1, 0, 0, 0, 8, 0, 1, 1, 0, 1, 2, 1, 1, 4, 1, 1, 1, 2, 2, 0, 3, 2, 0, 1, 4, 2, 2, 2, 2, 4, 8, 0, 2, 0, 9, 2, 0, 1, 2, 0, 4, 0, 1, 3, 2, 3, 1, 2, 0, 3, 0, 1, 2, 5, 0, 1, 3, 0, 5, 1, 0, 0, 10, 5, 3, 0, 0, 1, 2, 0, 0, 0, 0, 1, 2, 0, 4, 0, 0, 3, 0, 2, 2, 0, 0, 0, 0, 1, 1, 0, 1, 3, 0, 1, 0, 3, 9, 2, 1, 8, 2, 0, 6, 0, 4, 1, 13, 1, 9, 0, 0, 6, 2, 1, 0, 2, 3, 3, 3]"
67,213802,135,test,"[1, 1, 3, 0, 4, 3, 2, 0, 2, 0, 3, 1, 0, 7, 0, 3, 0, 3, 1, 1, 2, 2, 0, 2, 1, 0, 1, 0, 3, 3, 0, 0, 0, 2, 0, 2, 0, 2, 0, 0, 2, 2, 0, 2, 0, 0, 0, 2, 1, 0, 0, 0, 1, 0, 1, 2, 1, 2, 0, 3, 0, 1, 2, 4, 2, 3, 2, 0, 1, 4, 1, 1, 2, 1, 0, 2, 1, 1, 3, 1, 4, 1, 1, 2, 1, 0, 0, 1, 0, 1, 0, 1, 0, 1, 2, 1, 1, 1, 1, 2, 0, 1, 2, 2, 1, 2, 0, 1, 1, 4, 1, 0, 1, 0, 0, 0, 0, 2, 3, 2, 2, 0, 2, 8, 2, 1, 0, 2, 2, 0, 1, 0, 3, 1, 2]"
68,216151,136,test,"[1, 5, 2, 0, 2, 1, 2, 3, 2, 2, 2, 6, 1, 2, 2, 5, 2, 4, 4, 1, 1, 3, 5, 0, 2, 1, 1, 2, 2, 2, 2, 0, 1, 3, 1, 2, 1, 1, 4, 1, 8, 8, 4, 1, 4, 3, 0, 1, 3, 6, 2, 4, 2, 0, 1, 5, 2, 3, 2, 2, 0, 2, 4, 3, 0, 3, 4, 4, 2, 1, 4, 2, 2, 2, 0, 3, 5, 1, 2, 1, 1, 3, 4, 4, 4, 1, 0, 0, 4, 3, 0, 3, 3, 3, 1, 3, 3, 1, 3, 4, 2, 5, 3, 2, 6, 4, 3, 0, 0, 5, 2, 4, 1, 2, 4, 1, 3, 5, 4, 3, 2, 2, 5, 1, 1, 2, 0, 2, 3, 1, 0, 2, 3, 2, 3, 2]"
69,225259,136,test,"[1, 3, 4, 4, 1, 5, 0, 0, 2, 5, 0, 4, 0, 1, 0, 2, 4, 0, 1, 2, 0, 5, 4, 3, 2, 0, 0, 0, 3, 5, 1, 3, 0, 0, 1, 0, 0, 1, 0, 0, 4, 1, 0, 0, 4, 0, 0, 1, 2, 2, 4, 1, 2, 1, 0, 0, 3, 1, 3, 0, 4, 6, 0, 1, 4, 3, 0, 1, 1, 2, 2, 7, 2, 0, 0, 2, 1, 1, 3, 7, 1, 6, 0, 0, 1, 2, 4, 1, 2, 1, 1, 3, 1, 0, 0, 0, 0, 0, 0, 0, 0, 1, 3, 4, 2, 2, 5, 3, 4, 2, 3, 1, 2, 0, 2, 1, 1, 0, 1, 0, 2, 0, 2, 1, 11, 1, 5, 1, 2, 3, 0, 1, 2, 1, 6, 1]"
70,245581,136,validation,"[6, 12, 6, 14, 11, 15, 6, 9, 9, 2, 7, 19, 7, 8, 18, 26, 4, 9, 13, 11, 6, 7, 9, 4, 10, 21, 4, 12, 23, 21, 20, 8, 12, 7, 5, 5, 2, 17, 16, 14, 14, 3, 10, 16, 15, 7, 17, 5, 2, 5, 10, 8, 8, 8, 9, 20, 7, 13, 11, 8, 13, 12, 4, 8, 22, 7, 20, 2, 28, 1, 26, 17, 10, 15, 10, 8, 16, 9, 5, 13, 22, 7, 16, 23, 12, 10, 3, 27, 6, 9, 25, 4, 18, 7, 9, 13, 12, 6, 11, 24, 5, 10, 21, 49, 11, 2, 42, 1, 11, 12, 16, 26, 6, 15, 32, 71, 19, 15, 31, 7, 19, 26, 36, 23, 24, 25, 4, 11, 20, 10, 19, 39, 25, 11, 31, 18]"
71,248272,136,validation,"[3, 8, 3, 1, 6, 8, 2, 0, 0, 0, 0, 0, 0, 0, 0, 0, 0, 0, 0, 0, 0, 0, 0, 0, 0, 0, 0, 0, 0, 0, 0, 0, 5, 9, 2, 4, 6, 4, 4, 1, 3, 1, 4, 5, 6, 5, 9, 5, 2, 1, 5, 2, 4, 1, 3, 5, 4, 5, 2, 1, 1, 4, 3, 3, 3, 1, 1, 2, 0, 5, 1, 2, 2, 1, 2, 4, 2, 4, 2, 1, 6, 2, 1, 1, 7, 5, 2, 4, 3, 5, 3, 6, 0, 4, 2, 2, 2, 4, 3, 1, 6, 1, 1, 4, 9, 6, 3, 2, 0, 2, 1, 1, 5, 0, 0, 3, 8, 1, 4, 6, 2, 4, 2, 5, 2, 6, 2, 1, 1, 1, 2, 2, 3, 4, 6, 1]"
72,262384,135,test,"[2, 1, 2, 0, 0, 1, 4, 2, 0, 0, 1, 0, 0, 3, 2, 1, 3, 2, 0, 0, 3, 5, 0, 1, 1, 4, 2, 3, 0, 3, 3, 2, 1, 1, 1, 8, 3, 2, 1, 1, 1, 0, 1, 1, 3, 2, 0, 2, 2, 3, 3, 2, 1, 0, 0, 6, 4, 4, 0, 2, 6, 1, 3, 3, 2, 2, 1, 3, 5, 2, 0, 3, 3, 5, 4, 2, 2, 0, 3, 6, 1, 3, 5, 3, 0, 0, 2, 3, 2, 1, 5, 7, 1, 0, 1, 0, 1, 4, 0, 5, 6, 1, 1, 3, 3, 3, 3, 2, 3, 2, 2, 1, 0, 4, 1, 1, 4, 5, 1, 0, 1, 0, 5, 4, 2, 1, 4, 1, 3, 8, 1, 1, 0, 2, 1]"
73,267478,135,test,"[6, 5, 7, 2, 2, 19, 3, 2, 9, 6, 8, 4, 1, 3, 1, 0, 4, 0, 1, 3, 0, 1, 0, 1, 0, 1, 1, 0, 0, 1, 2, 3, 0, 3, 1, 1, 2, 1, 0, 0, 0, 1, 1, 2, 0, 0, 0, 2, 2, 1, 0, 2, 1, 3, 1, 0, 2, 4, 2, 1, 3, 1, 4, 0, 1, 0, 0, 0, 0, 0, 0, 0, 0, 0, 0, 0, 0, 0, 0, 0, 0, 0, 2, 1, 2, 0, 1, 2, 3, 2, 0, 1, 1, 1, 1, 0, 1, 3, 0, 0, 0, 2, 0, 3, 2, 1, 1, 1, 0, 1, 1, 1, 0, 0, 0, 0, 2, 3, 0, 1, 0, 1, 1, 2, 5, 1, 1, 2, 1, 4, 0, 2, 2, 1, 1]"
74,267496,105,validation,"[1, 0, 0, 0, 3, 2, 1, 2, 0, 1, 6, 3, 2, 1, 1, 0, 1, 0, 0, 0, 0, 0, 3, 1, 2, 1, 2, 2, 3, 0, 2, 1, 3, 1, 1, 3, 4, 2, 0, 2, 2, 2, 2, 1, 3, 0, 3, 0, 1, 1, 1, 4, 0, 2, 1, 0, 1, 2, 1, 1, 2, 0, 1, 2, 1, 2, 0, 2, 0, 3, 0, 3, 3, 1, 3, 0, 0, 2, 0, 4, 0, 2, 1, 1, 0, 1, 2, 2, 1, 2, 3, 2, 2, 0, 3, 4, 0, 4, 2, 0, 0, 0, 1, 0, 2]"
75,370195,135,test,"[6, 6, 8, 1, 7, 7, 0, 13, 3, 4, 2, 1, 0, 3, 14, 6, 0, 7, 1, 10, 3, 2, 19, 6, 1, 1, 4, 0, 6, 18, 11, 0, 8, 7, 3, 24, 1, 1, 9, 2, 1, 3, 19, 23, 6, 0, 4, 4, 1, 3, 4, 4, 4, 0, 26, 2, 8, 4, 4, 3, 10, 0, 7, 27, 1, 8, 0, 10, 1, 15, 0, 55, 9, 0, 17, 1, 4, 12, 13, 0, 6, 1, 21, 29, 15, 18, 6, 10, 7, 8, 6, 28, 2, 6, 5, 1, 3, 1, 8, 34, 5, 1, 3, 5, 7, 8, 4, 6, 1, 1, 0, 0, 7, 20, 0, 6, 3, 3, 0, 6, 0, 19, 5, 3, 8, 14, 6, 17, 3, 1, 3, 2, 6, 9, 31]"
76,371104,136,test,"[1, 2, 1, 4, 0, 0, 2, 0, 0, 0, 0, 2, 0, 2, 0, 2, 0, 1, 3, 1, 1, 2, 1, 3, 2, 0, 2, 0, 0, 0, 7, 2, 0, 0, 2, 0, 0, 0, 0, 1, 0, 1, 0, 3, 1, 1, 4, 2, 2, 0, 1, 1, 0, 1, 0, 0, 0, 1, 3, 0, 0, 1, 0, 3, 0, 20, 0, 1, 0, 1, 0, 2, 5, 0, 2, 1, 14, 0, 3, 3, 3, 0, 1, 1, 0, 0, 2, 0, 0, 1, 1, 0, 2, 0, 0, 1, 0, 1, 2, 6, 0, 1, 0, 3, 2, 1, 1, 8, 1, 1, 2, 2, 2, 0, 0, 1, 0, 1, 1, 1, 3, 0, 2, 4, 0, 0, 0, 0, 0, 9, 1, 5, 3, 0, 2, 1]"
77,371239,136,validation,"[3, 2, 6, 0, 0, 0, 2, 0, 2, 6, 3, 2, 2, 1, 0, 0, 0, 0, 0, 0, 4, 0, 0, 2, 0, 1, 1, 2, 10, 2, 3, 1, 0, 1, 0, 3, 4, 0, 2, 0, 0, 0, 4, 0, 0, 1, 0, 0, 4, 4, 0, 4, 0, 1, 0, 2, 0, 0, 0, 0, 3, 0, 3, 1, 7, 7, 1, 4, 0, 4, 5, 1, 2, 0, 0, 2, 1, 4, 1, 5, 2, 2, 4, 12, 2, 5, 0, 4, 2, 1, 6, 8, 8, 43, 0, 3, 1, 0, 0, 9, 3, 2, 1, 4, 0, 2, 7, 0, 1, 5, 2, 1, 0, 0, 0, 4, 0, 3, 3, 2, 1, 1, 1, 4, 2, 3, 2, 0, 4, 0, 6, 0, 0, 0, 2, 1]"
78,379249,136,validation,"[1, 4, 2, 3, 2, 3, 1, 3, 4, 10, 9, 1, 11, 2, 5, 2, 5, 7, 6, 1, 6, 3, 4, 3, 6, 5, 2, 3, 5, 3, 11, 3, 7, 4, 4, 7, 4, 6, 3, 4, 4, 6, 6, 3, 3, 3, 21, 5, 1, 5, 4, 4, 8, 2, 4, 2, 6, 5, 11, 7, 3, 7, 10, 8, 9, 9, 6, 11, 9, 6, 9, 6, 2, 3, 5, 8, 14, 13, 8, 3, 6, 10, 60, 8, 12, 6, 4, 10, 10, 26, 58, 10, 25, 18, 39, 4, 3, 1, 0, 1, 0, 1, 11, 8, 13, 1, 3, 8, 13, 22, 23, 6, 6, 1, 2, 13, 20, 15, 10, 40, 23, 5, 4, 6, 48, 12, 4, 2, 8, 1, 7, 0, 0, 0, 0, 4]"
79,397213,136,validation,"[4, 0, 6, 0, 0, 0, 4, 0, 0, 2, 0, 25, 0, 0, 1, 0, 0, 0, 0, 0, 0, 1, 0, 0, 4, 2, 0, 0, 2, 1, 0, 2, 2, 9, 36, 0, 0, 0, 0, 0, 1, 4, 10, 3, 0, 0, 1, 5, 0, 0, 0, 3, 1, 0, 0, 2, 0, 0, 4, 6, 0, 0, 0, 0, 6, 0, 0, 0, 0, 0, 3, 0, 0, 0, 1, 1, 8, 2, 4, 3, 2, 0, 5, 4, 0, 0, 0, 0, 0, 0, 1, 12, 6, 7, 0, 10, 0, 7, 0, 4, 2, 3, 1, 2, 6, 5, 2, 8, 8, 6, 0, 6, 2, 2, 0, 0, 1, 8, 11, 1, 0, 6, 1, 3, 9, 4, 0, 0, 3, 3, 0, 2, 3, 3, 4, 7]"
80,399220,136,validation,"[1, 1, 4, 4, 4, 4, 1, 2, 4, 4, 2, 0, 4, 3, 1, 4, 3, 3, 5, 2, 4, 3, 2, 1, 3, 2, 2, 2, 2, 6, 9, 3, 1, 3, 1, 3, 5, 3, 1, 2, 6, 4, 2, 0, 4, 1, 1, 3, 1, 2, 2, 3, 1, 3, 1, 5, 8, 6, 4, 3, 6, 7, 6, 5, 4, 4, 5, 6, 4, 1, 5, 4, 6, 6, 5, 4, 6, 11, 13, 13, 11, 7, 10, 24, 21, 12, 6, 5, 11, 46, 12, 8, 1, 13, 4, 4, 1, 2, 1, 1, 3, 3, 2, 3, 6, 4, 4, 3, 1, 2, 5, 4, 2, 2, 1, 0, 5, 3, 0, 3, 2, 3, 5, 4, 4, 7, 3, 3, 4, 5, 6, 2, 6, 11, 3, 4]"
81,416212,134,validation,"[3, 2, 0, 1, 1, 2, 0, 0, 0, 1, 0, 0, 0, 0, 2, 0, 0, 1, 3, 1, 1, 1, 3, 1, 2, 1, 0, 3, 1, 0, 0, 1, 1, 0, 2, 2, 0, 0, 1, 1, 1, 0, 1, 0, 1, 2, 1, 2, 2, 2, 0, 3, 1, 2, 0, 1, 0, 2, 1, 0, 2, 1, 4, 0, 5, 1, 4, 0, 1, 2, 2, 0, 1, 0, 0, 1, 0, 0, 1, 3, 0, 1, 0, 0, 0, 0, 4, 0, 0, 0, 1, 0, 4, 0, 0, 1, 1, 2, 2, 1, 2, 0, 0, 2, 2, 1, 0, 3, 1, 2, 1, 2, 0, 0, 4, 1, 0, 1, 1, 2, 3, 0, 4, 0, 5, 0, 1, 2, 5, 0, 2, 1, 2, 6]"
82,687616,136,test,"[5, 6, 4, 0, 4, 1, 2, 2, 1, 5, 1, 1, 4, 3, 1, 0, 0, 0, 0, 0, 0, 0, 0, 0, 0, 0, 0, 0, 0, 0, 0, 0, 0, 0, 0, 0, 0, 0, 0, 0, 0, 1, 4, 0, 2, 1, 1, 1, 2, 2, 2, 1, 5, 1, 7, 1, 3, 3, 2, 3, 2, 3, 1, 2, 7, 1, 1, 7, 2, 1, 7, 2, 3, 1, 4, 1, 5, 1, 11, 0, 2, 7, 4, 6, 4, 0, 2, 1, 1, 7, 1, 2, 0, 3, 4, 3, 0, 2, 3, 9, 1, 5, 2, 3, 2, 0, 2, 1, 1, 3, 1, 0, 1, 0, 3, 4, 1, 0, 0, 3, 3, 2, 2, 4, 2, 4, 0, 1, 5, 2, 4, 0, 3, 2, 0, 3]"
83,731104,125,test,"[4, 2, 1, 6, 10, 3, 2, 4, 0, 0, 3, 0, 0, 9, 1, 0, 1, 0, 4, 0, 0, 2, 3, 0, 1, 1, 1, 0, 6, 0, 3, 2, 4, 3, 12, 1, 1, 0, 0, 1, 1, 0, 0, 0, 8, 0, 17, 3, 2, 0, 7, 0, 1, 3, 3, 0, 0, 0, 0, 1, 1, 2, 4, 2, 10, 7, 1, 1, 0, 0, 2, 1, 4, 5, 2, 5, 0, 2, 6, 3, 1, 2, 3, 6, 1, 6, 0, 2, 1, 7, 5, 3, 0, 10, 9, 8, 2, 1, 1, 0, 2, 7, 0, 0, 0, 0, 0, 3, 6, 4, 0, 0, 0, 0, 0, 0, 0, 0, 0, 0, 0, 0, 0, 12, 12]"
84,745945,136,validation,"[1, 2, 2, 1, 4, 1, 2, 2, 3, 2, 0, 0, 0, 0, 0, 1, 1, 1, 0, 0, 0, 0, 0, 1, 4, 0, 1, 1, 15, 16, 8, 2, 9, 4, 18, 3, 2, 1, 12, 5, 6, 4, 8, 8, 4, 2, 3, 4, 8, 0, 5, 3, 2, 1, 10, 6, 0, 0, 2, 1, 2, 0, 0, 2, 3, 1, 0, 1, 1, 1, 1, 0, 2, 3, 1, 0, 3, 2, 0, 0, 4, 2, 0, 3, 5, 6, 1, 3, 0, 2, 5, 1, 4, 3, 2, 2, 1, 2, 2, 1, 2, 3, 0, 4, 3, 2, 4, 0, 1, 3, 2, 4, 2, 1, 2, 2, 1, 1, 2, 0, 3, 1, 1, 1, 2, 2, 0, 1, 0, 1, 0, 1, 4, 2, 2, 6]"
85,753613,135,test,"[1, 4, 12, 0, 12, 1, 0, 0, 7, 7, 1, 0, 0, 1, 2, 0, 0, 2, 1, 6, 0, 2, 1, 6, 0, 4, 6, 3, 0, 0, 8, 1, 4, 21, 0, 0, 6, 8, 13, 1, 1, 9, 2, 0, 5, 0, 0, 1, 2, 2, 0, 6, 11, 0, 6, 7, 0, 6, 5, 4, 6, 5, 7, 3, 2, 0, 5, 0, 0, 0, 0, 0, 0, 3, 4, 14, 1, 2, 1, 1, 1, 0, 6, 4, 0, 5, 8, 0, 4, 10, 11, 0, 3, 6, 11, 8, 14, 4, 0, 0, 0, 16, 20, 23, 0, 0, 0, 0, 44, 33, 4, 0, 0, 40, 7, 0, 23, 9, 0, 9, 56, 0, 3, 7, 10, 2, 8, 6, 22, 19, 68, 0, 0, 0, 20]"
86,755584,136,validation,"[5, 3, 1, 1, 2, 6, 2, 17, 1, 2, 2, 0, 1, 2, 2, 1, 5, 0, 2, 1, 3, 3, 0, 4, 5, 5, 16, 3, 25, 12, 12, 4, 6, 3, 5, 5, 4, 0, 3, 2, 1, 3, 4, 8, 9, 6, 7, 9, 2, 30, 6, 13, 2, 2, 7, 4, 15, 3, 2, 14, 5, 6, 2, 11, 5, 8, 1, 4, 4, 3, 1, 5, 2, 0, 0, 5, 2, 7, 3, 3, 9, 9, 4, 3, 1, 0, 2, 2, 3, 10, 1, 0, 10, 0, 5, 2, 13, 10, 5, 8, 10, 3, 11, 9, 4, 28, 5, 6, 33, 24, 15, 8, 7, 5, 3, 27, 4, 5, 8, 4, 9, 5, 16, 14, 7, 9, 5, 5, 1, 2, 11, 21, 5, 10, 3, 2]"
87,815101,136,test,"[1, 5, 9, 8, 1, 7, 4, 4, 1, 1, 1, 4, 2, 2, 3, 4, 5, 3, 2, 2, 3, 4, 13, 4, 3, 5, 5, 4, 4, 6, 4, 1, 2, 3, 0, 7, 4, 1, 4, 5, 1, 4, 3, 4, 1, 0, 1, 5, 1, 8, 3, 3, 8, 3, 3, 3, 5, 7, 11, 2, 3, 0, 6, 11, 1, 2, 1, 1, 3, 1, 18, 13, 7, 4, 7, 11, 3, 3, 10, 1, 3, 6, 3, 4, 9, 2, 5, 2, 4, 0, 7, 5, 4, 3, 5, 0, 2, 3, 4, 6, 2, 5, 3, 3, 1, 2, 2, 5, 3, 5, 2, 6, 3, 4, 7, 3, 4, 3, 1, 9, 2, 9, 2, 2, 2, 5, 2, 2, 1, 3, 2, 2, 0, 7, 4, 3]"
88,836125,136,validation,"[6, 4, 1, 6, 4, 9, 11, 1, 2, 9, 1, 4, 1, 2, 1, 4, 6, 1, 6, 0, 4, 4, 2, 6, 1, 5, 3, 9, 2, 7, 2, 11, 5, 3, 10, 6, 1, 6, 3, 6, 3, 7, 14, 10, 5, 14, 5, 13, 7, 6, 5, 9, 1, 3, 6, 6, 2, 10, 4, 2, 5, 6, 5, 6, 3, 12, 4, 7, 5, 2, 2, 6, 8, 2, 5, 4, 3, 2, 8, 5, 6, 7, 3, 6, 3, 3, 4, 4, 7, 1, 6, 6, 3, 5, 3, 4, 4, 5, 1, 3, 3, 7, 7, 5, 3, 6, 2, 1, 8, 1, 2, 10, 0, 0, 3, 6, 8, 5, 6, 10, 20, 19, 24, 18, 30, 16, 10, 5, 10, 5, 5, 8, 5, 2, 6, 2]"
89,836152,136,validation,"[5, 2, 2, 5, 3, 2, 2, 1, 3, 6, 0, 0, 1, 1, 4, 4, 0, 3, 0, 1, 0, 4, 2, 2, 1, 3, 0, 3, 4, 4, 3, 1, 2, 2, 0, 7, 2, 2, 2, 0, 2, 3, 4, 3, 2, 1, 6, 0, 5, 3, 0, 3, 1, 0, 3, 0, 3, 3, 2, 4, 5, 2, 2, 10, 9, 12, 8, 8, 6, 5, 1, 5, 4, 2, 2, 7, 1, 0, 3, 2, 0, 4, 1, 3, 0, 1, 2, 4, 5, 1, 2, 6, 1, 1, 2, 3, 3, 1, 3, 5, 3, 2, 2, 4, 7, 8, 2, 7, 1, 6, 3, 5, 4, 1, 0, 0, 3, 0, 1, 3, 2, 1, 1, 2, 2, 1, 0, 3, 2, 0, 2, 3, 1, 2, 1, 12]"
90,836584,127,train-only,"[13, 36, 34, 2, 12, 12, 11, 12, 2, 19, 6, 26, 18, 12, 27, 19, 35, 11, 10, 14, 11, 16, 11, 15, 35, 3, 28, 18, 3, 21, 16, 19, 13, 23, 55, 15, 17, 21, 14, 31, 4, 25, 22, 6, 21, 11, 28, 13, 16, 7, 11, 37, 23, 80, 48, 41, 38, 6, 60, 5, 22, 51, 33, 16, 15, 20, 22, 14, 12, 14, 8, 30, 12, 3, 15, 65, 8, 28, 18, 13, 1, 14, 22, 24, 16, 12, 12, 9, 30, 7, 12, 30, 18, 23, 15, 35, 38, 10, 19, 80, 74, 24, 14, 0, 0, 0, 0, 0, 0, 0, 0, 0, 0, 0, 0, 0, 0, 3, 24, 45, 27, 19, 26, 46, 104, 35, 31]"
91,837943,136,test,"[7, 20, 13, 20, 11, 13, 5, 5, 19, 12, 3, 17, 8, 6, 4, 7, 5, 5, 12, 8, 13, 15, 15, 12, 16, 9, 31, 6, 9, 15, 16, 14, 13, 5, 9, 20, 8, 20, 12, 10, 11, 16, 13, 6, 11, 21, 13, 7, 9, 17, 21, 19, 7, 7, 13, 27, 18, 14, 16, 9, 10, 20, 16, 7, 16, 16, 6, 7, 21, 12, 24, 11, 15, 5, 4, 7, 27, 10, 16, 15, 14, 17, 14, 12, 9, 13, 10, 4, 18, 9, 14, 21, 15, 7, 13, 8, 2, 5, 9, 10, 16, 13, 6, 4, 4, 11, 9, 8, 20, 18, 10, 37, 10, 6, 11, 14, 16, 8, 13, 16, 12, 9, 9, 13, 18, 24, 13, 8, 10, 8, 7, 10, 21, 8, 15, 9]"
92,838456,136,test,"[1, 2, 2, 5, 1, 1, 1, 0, 1, 2, 1, 2, 1, 4, 2, 1, 2, 0, 2, 3, 1, 0, 1, 1, 1, 1, 1, 2, 3, 6, 2, 5, 2, 1, 0, 2, 0, 1, 2, 2, 1, 1, 2, 4, 1, 1, 2, 6, 3, 2, 0, 4, 2, 0, 0, 2, 5, 2, 6, 4, 0, 3, 5, 5, 3, 1, 0, 3, 2, 3, 1, 3, 6, 0, 2, 5, 2, 2, 2, 5, 2, 7, 3, 4, 4, 2, 2, 4, 2, 1, 1, 6, 8, 3, 4, 2, 0, 2, 3, 2, 6, 2, 1, 9, 3, 6, 0, 2, 1, 2, 2, 4, 6, 0, 2, 1, 0, 3, 4, 2, 1, 2, 1, 1, 1, 4, 4, 1, 2, 1, 1, 2, 3, 2, 2, 2]"
93,839356,136,validation,"[1, 1, 4, 0, 1, 0, 3, 17, 0, 0, 2, 17, 0, 6, 4, 0, 1, 34, 3, 0, 6, 9, 1, 0, 2, 8, 9, 3, 53, 14, 0, 5, 4, 0, 0, 5, 1, 3, 0, 52, 1, 0, 1, 1, 2, 3, 2, 8, 4, 0, 15, 6, 5, 5, 4, 2, 7, 5, 0, 0, 4, 3, 0, 2, 2, 2, 25, 0, 0, 3, 2, 1, 15, 1, 5, 2, 7, 11, 5, 2, 7, 2, 8, 0, 6, 3, 6, 1, 4, 1, 8, 5, 1, 5, 11, 4, 10, 11, 13, 13, 6, 2, 9, 3, 10, 3, 2, 6, 10, 8, 116, 6, 1, 3, 4, 1, 0, 0, 86, 1, 1, 5, 3, 9, 13, 2, 5, 6, 35, 11, 10, 20, 13, 12, 9, 17]"
94,839374,136,test,"[6, 11, 13, 2, 0, 6, 2, 0, 3, 0, 3, 5, 4, 4, 4, 0, 5, 4, 2, 1, 3, 1, 0, 2, 7, 4, 4, 3, 16, 12, 32, 1, 8, 9, 16, 1, 0, 3, 0, 0, 2, 8, 2, 3, 4, 0, 2, 5, 0, 0, 5, 2, 8, 0, 1, 5, 17, 5, 1, 3, 15, 2, 1, 1, 4, 2, 9, 1, 0, 0, 0, 5, 5, 1, 4, 6, 2, 23, 4, 10, 5, 5, 1, 4, 3, 7, 2, 11, 10, 6, 6, 10, 0, 14, 55, 8, 6, 9, 13, 1, 15, 6, 18, 10, 11, 0, 0, 10, 1, 8, 39, 0, 0, 0, 0, 0, 0, 0, 0, 28, 3, 4, 5, 9, 4, 4, 0, 5, 20, 15, 2, 8, 9, 10, 6, 13]"
95,858886,136,test,"[1, 1, 3, 0, 1, 2, 1, 2, 4, 0, 0, 1, 1, 4, 0, 10, 0, 1, 0, 1, 2, 0, 1, 2, 1, 0, 0, 5, 4, 4, 0, 2, 0, 0, 2, 1, 2, 2, 0, 1, 0, 0, 0, 2, 1, 0, 0, 0, 2, 0, 0, 6, 0, 1, 4, 0, 0, 2, 1, 2, 1, 4, 1, 0, 8, 3, 0, 0, 0, 2, 1, 0, 0, 1, 2, 1, 1, 1, 5, 0, 1, 2, 1, 1, 3, 1, 2, 0, 0, 4, 1, 0, 0, 0, 4, 3, 4, 0, 3, 1, 0, 2, 2, 1, 0, 2, 2, 1, 2, 4, 2, 3, 1, 2, 4, 0, 0, 0, 0, 0, 0, 6, 0, 1, 3, 0, 0, 4, 1, 2, 0, 0, 2, 1, 0, 4]"
96,865933,136,validation,"[6, 6, 12, 0, 9, 0, 2, 0, 21, 8, 1, 7, 10, 8, 4, 3, 3, 1, 6, 5, 6, 3, 8, 2, 12, 11, 11, 0, 4, 11, 12, 9, 9, 2, 2, 7, 0, 0, 1, 1, 5, 0, 1, 5, 1, 2, 0, 0, 1, 0, 0, 2, 0, 0, 2, 0, 3, 7, 1, 2, 2, 12, 1, 0, 6, 2, 3, 3, 2, 3, 6, 5, 3, 0, 5, 2, 2, 4, 9, 6, 5, 0, 0, 1, 8, 2, 0, 0, 5, 0, 0, 4, 2, 0, 0, 1, 0, 0, 1, 5, 3, 4, 7, 6, 3, 1, 3, 0, 4, 0, 0, 3, 0, 2, 2, 2, 0, 6, 1, 1, 2, 1, 1, 7, 5, 4, 6, 0, 0, 5, 3, 0, 2, 4, 4, 3]"
97,872260,136,test,"[3, 0, 1, 5, 0, 4, 0, 4, 0, 4, 6, 0, 0, 4, 1, 0, 0, 3, 3, 5, 3, 0, 7, 1, 3, 0, 1, 2, 4, 1, 4, 2, 2, 0, 1, 5, 1, 0, 2, 1, 2, 2, 2, 1, 0, 1, 0, 2, 0, 2, 0, 2, 2, 0, 6, 0, 5, 2, 0, 1, 0, 0, 0, 0, 2, 1, 2, 3, 4, 3, 4, 0, 1, 1, 2, 2, 4, 0, 4, 1, 0, 2, 5, 0, 2, 0, 2, 4, 2, 5, 4, 4, 2, 0, 1, 10, 4, 7, 6, 4, 19, 3, 6, 8, 6, 3, 5, 5, 3, 4, 1, 2, 0, 0, 0, 0, 0, 0, 0, 0, 6, 5, 2, 2, 0, 0, 0, 0, 0, 0, 0, 0, 0, 0, 0, 12]"
98,877624,136,validation,"[1, 2, 4, 8, 1, 12, 7, 3, 11, 5, 1, 4, 2, 1, 1, 3, 4, 0, 3, 0, 8, 3, 0, 6, 1, 8, 7, 6, 7, 2, 2, 8, 3, 0, 3, 9, 2, 6, 4, 1, 3, 5, 3, 4, 1, 5, 4, 1, 4, 1, 1, 5, 1, 2, 3, 3, 7, 5, 4, 6, 3, 0, 4, 2, 5, 12, 5, 6, 5, 4, 8, 7, 4, 2, 2, 2, 2, 3, 0, 1, 8, 7, 6, 7, 0, 3, 3, 1, 3, 52, 2, 5, 2, 4, 2, 2, 2, 4, 6, 7, 7, 5, 3, 0, 6, 1, 5, 5, 6, 3, 0, 7, 4, 3, 2, 6, 3, 6, 5, 2, 4, 4, 1, 4, 8, 9, 2, 1, 5, 0, 4, 0, 10, 3, 2, 3]"
99,893824,125,test,"[2, 14, 2, 6, 0, 0, 2, 0, 2, 8, 0, 9, 2, 42, 4, 3, 20, 17, 9, 6, 22, 3, 24, 2, 0, 4, 14, 1, 12, 20, 0, 10, 17, 6, 6, 6, 0, 4, 16, 6, 0, 21, 0, 0, 18, 2, 7, 0, 0, 11, 5, 20, 6, 0, 8, 1, 2, 12, 2, 10, 11, 1, 11, 0, 8, 0, 0, 2, 0, 0, 2, 0, 0, 22, 0, 0, 4, 4, 0, 0, 4, 1, 10, 0, 18, 4, 19, 2, 2, 2, 10, 11, 6, 0, 19, 8, 1, 4, 0, 0, 9, 6, 10, 0, 22, 1, 2, 14, 6, 6, 12, 0, 0, 0, 2, 6, 10, 6, 10, 0, 6, 6, 0, 4, 1]"
100,903976,136,test,"[8, 19, 14, 4, 3, 0, 0, 0, 0, 0, 0, 0, 0, 0, 0, 0, 0, 0, 0, 2, 3, 1, 5, 0, 1, 9, 9, 3, 0, 4, 2, 1, 6, 0, 0, 4, 3, 2, 12, 1, 2, 0, 3, 1, 1, 7, 2, 5, 5, 3, 2, 4, 0, 0, 2, 6, 5, 5, 7, 10, 3, 0, 8, 5, 6, 1, 2, 4, 2, 0, 1, 4, 6, 0, 3, 1, 6, 8, 2, 1, 0, 2, 3, 0, 0, 0, 3, 2, 3, 2, 5, 2, 2, 3, 4, 3, 0, 1, 2, 1, 6, 5, 0, 6, 3, 3, 3, 2, 6, 11, 4, 3, 2, 3, 5, 2, 1, 4, 3, 3, 2, 4, 4, 3, 3, 9, 1, 2, 11, 9, 0, 13, 0, 2, 3, 4]"
101,906586,136,validation,"[1, 1, 0, 0, 0, 0, 0, 0, 1, 0, 2, 2, 0, 0, 1, 1, 0, 0, 1, 1, 2, 3, 1, 0, 0, 1, 1, 2, 4, 0, 2, 0, 1, 3, 2, 2, 2, 1, 2, 1, 1, 0, 4, 1, 1, 1, 1, 1, 1, 0, 1, 2, 1, 4, 1, 3, 1, 1, 1, 1, 0, 2, 3, 2, 2, 2, 0, 3, 0, 1, 1, 0, 1, 3, 4, 3, 0, 1, 3, 0, 2, 1, 0, 0, 3, 2, 2, 1, 0, 2, 3, 2, 3, 2, 1, 1, 0, 1, 2, 2, 0, 2, 0, 1, 2, 1, 4, 0, 1, 3, 2, 3, 0, 0, 3, 2, 1, 1, 3, 1, 3, 3, 4, 1, 1, 3, 1, 0, 0, 2, 0, 0, 3, 0, 0, 1]"
102,906595,135,test,"[2, 0, 0, 0, 0, 0, 0, 2, 3, 1, 4, 1, 2, 1, 2, 0, 1, 1, 0, 3, 1, 0, 0, 0, 0, 0, 0, 0, 0, 0, 0, 1, 2, 0, 2, 1, 1, 1, 1, 2, 1, 1, 1, 3, 2, 0, 2, 2, 1, 2, 1, 1, 2, 1, 1, 1, 2, 1, 0, 1, 1, 1, 1, 1, 4, 1, 1, 2, 0, 1, 0, 2, 4, 4, 1, 0, 0, 1, 1, 1, 3, 3, 4, 5, 0, 1, 0, 0, 3, 4, 4, 2, 2, 0, 0, 2, 2, 1, 2, 0, 1, 1, 1, 3, 1, 0, 2, 0, 1, 0, 1, 3, 1, 1, 1, 1, 3, 2, 0, 4, 2, 2, 2, 2, 2, 3, 3, 0, 2, 0, 0, 2, 1, 1, 1]"
103,913561,134,validation,"[1, 2, 2, 3, 1, 1, 0, 2, 2, 2, 1, 2, 0, 1, 2, 0, 0, 1, 1, 0, 3, 0, 1, 0, 0, 4, 0, 1, 4, 3, 3, 3, 1, 1, 1, 1, 0, 8, 2, 3, 0, 0, 1, 1, 0, 2, 2, 0, 0, 3, 3, 0, 0, 1, 2, 2, 2, 0, 1, 1, 0, 2, 3, 1, 2, 5, 2, 0, 3, 1, 2, 2, 3, 2, 1, 3, 1, 1, 0, 0, 0, 2, 1, 1, 0, 1, 1, 0, 2, 0, 1, 1, 2, 0, 0, 0, 1, 0, 0, 1, 0, 2, 0, 2, 1, 4, 1, 0, 2, 0, 0, 1, 4, 1, 0, 1, 0, 0, 2, 0, 0, 2, 2, 0, 0, 1, 1, 1, 3, 2, 1, 4, 2, 3]"
104,999403,135,test,"[1, 1, 1, 0, 0, 0, 2, 2, 0, 0, 2, 0, 0, 1, 1, 1, 0, 0, 1, 0, 1, 0, 1, 3, 2, 1, 2, 1, 1, 1, 1, 1, 2, 4, 2, 0, 4, 2, 2, 5, 4, 1, 1, 0, 4, 1, 1, 2, 0, 0, 0, 0, 0, 1, 0, 1, 2, 6, 0, 1, 2, 1, 2, 0, 0, 1, 1, 1, 1, 0, 0, 2, 2, 1, 3, 1, 1, 6, 4, 7, 0, 1, 1, 0, 2, 3, 0, 4, 3, 2, 19, 3, 2, 4, 1, 4, 4, 6, 7, 8, 0, 4, 0, 4, 4, 0, 1, 5, 2, 8, 8, 5, 3, 5, 3, 2, 8, 8, 10, 4, 3, 2, 4, 3, 2, 3, 1, 1, 3, 1, 4, 2, 3, 2, 1]"
105,1003147,131,validation,"[13, 5, 7, 6, 3, 23, 16, 6, 0, 0, 13, 11, 1, 3, 6, 5, 4, 22, 9, 0, 2, 108, 6, 4, 4, 3, 7, 8, 7, 4, 14, 20, 18, 1, 1, 11, 6, 0, 2, 19, 6, 7, 4, 9, 13, 1, 11, 8, 15, 6, 4, 34, 13, 6, 2, 12, 24, 6, 16, 17, 0, 0, 0, 0, 0, 0, 0, 0, 2, 11, 6, 12, 8, 17, 12, 5, 3, 10, 2, 0, 15, 4, 13, 6, 21, 13, 0, 20, 8, 6, 10, 16, 3, 1, 10, 12, 8, 12, 36, 10, 27, 13, 101, 13, 31, 22, 19, 13, 3, 22, 0, 0, 0, 0, 0, 0, 0, 9, 49, 9, 4, 51, 38, 41, 8, 14, 11, 45, 44, 18, 18]"
106,1003156,135,validation,"[4, 3, 17, 9, 3, 15, 29, 4, 4, 1, 5, 5, 6, 7, 5, 6, 5, 4, 19, 2, 6, 3, 3, 7, 6, 14, 10, 7, 12, 6, 8, 17, 5, 2, 4, 0, 7, 21, 23, 3, 4, 17, 10, 6, 26, 4, 14, 4, 2, 2, 5, 3, 6, 25, 4, 5, 1, 5, 21, 7, 11, 3, 8, 6, 5, 15, 8, 6, 7, 8, 15, 7, 5, 17, 16, 8, 4, 6, 29, 9, 30, 17, 9, 12, 28, 20, 26, 10, 25, 18, 25, 30, 8, 32, 25, 4, 3, 13, 15, 5, 62, 26, 5, 8, 15, 30, 15, 13, 19, 34, 21, 0, 25, 74, 9, 0, 0, 14, 10, 23, 48, 71, 12, 0, 0, 0, 0, 0, 0, 0, 0, 0, 0, 23, 37]"
107,1003183,135,test,"[4, 2, 2, 1, 11, 1, 0, 0, 3, 3, 2, 3, 4, 3, 3, 2, 4, 5, 0, 4, 1, 1, 4, 1, 0, 0, 0, 8, 0, 2, 0, 1, 1, 0, 0, 2, 0, 1, 0, 4, 0, 3, 5, 2, 0, 4, 2, 0, 0, 0, 0, 4, 0, 1, 15, 4, 3, 3, 2, 3, 0, 0, 0, 1, 0, 2, 0, 1, 5, 4, 1, 2, 1, 1, 0, 4, 0, 0, 0, 0, 0, 0, 0, 1, 0, 1, 2, 2, 2, 1, 10, 3, 0, 9, 0, 2, 1, 5, 0, 6, 2, 0, 1, 5, 0, 0, 3, 12, 1, 2, 3, 5, 6, 2, 12, 6, 2, 7, 5, 14, 4, 5, 2, 0, 1, 6, 2, 3, 2, 14, 4, 7, 1, 7, 2]"
108,1003192,136,test,"[4, 2, 1, 0, 4, 5, 1, 0, 0, 4, 0, 13, 5, 0, 0, 0, 4, 0, 0, 4, 0, 0, 0, 1, 0, 3, 3, 1, 1, 0, 0, 4, 1, 0, 0, 0, 1, 2, 2, 2, 0, 4, 2, 6, 9, 1, 8, 12, 0, 3, 0, 0, 7, 5, 3, 2, 1, 5, 1, 9, 3, 5, 1, 4, 2, 2, 3, 0, 0, 0, 4, 4, 0, 2, 0, 1, 2, 6, 0, 5, 1, 4, 5, 6, 13, 3, 2, 1, 2, 2, 4, 8, 11, 0, 11, 1, 4, 0, 4, 4, 4, 2, 4, 7, 13, 3, 4, 9, 0, 17, 11, 11, 0, 7, 1, 0, 0, 2, 5, 19, 14, 8, 10, 1, 0, 7, 2, 7, 5, 14, 19, 11, 9, 4, 17, 3]"
109,1006009,135,validation,"[1, 3, 4, 1, 3, 0, 7, 0, 6, 5, 3, 0, 5, 1, 6, 6, 2, 2, 4, 1, 1, 0, 0, 1, 2, 0, 1, 3, 1, 5, 1, 0, 2, 0, 3, 0, 0, 0, 1, 0, 0, 1, 1, 1, 0, 1, 0, 2, 1, 0, 0, 2, 2, 0, 0, 1, 1, 1, 2, 1, 1, 0, 1, 1, 0, 0, 0, 1, 0, 1, 1, 0, 0, 2, 0, 1, 0, 2, 0, 2, 2, 2, 0, 0, 1, 2, 0, 0, 1, 0, 0, 1, 2, 0, 0, 0, 0, 1, 1, 0, 0, 0, 0, 0, 0, 0, 1, 0, 0, 0, 0, 1, 0, 0, 2, 4, 1, 2, 1, 0, 0, 0, 0, 2, 0, 0, 0, 1, 1, 0, 2, 0, 0, 0, 1]"
110,1006090,136,test,"[1, 0, 1, 1, 1, 0, 1, 1, 1, 1, 0, 2, 2, 2, 1, 3, 4, 2, 0, 0, 1, 3, 0, 3, 4, 1, 2, 5, 0, 1, 1, 1, 3, 2, 1, 5, 3, 1, 1, 1, 4, 6, 0, 3, 1, 0, 1, 7, 3, 1, 5, 2, 0, 1, 1, 4, 1, 3, 2, 1, 3, 1, 4, 3, 0, 3, 3, 0, 0, 3, 3, 5, 5, 10, 3, 6, 5, 4, 3, 2, 7, 3, 2, 4, 0, 2, 1, 4, 5, 10, 3, 14, 1, 1, 1, 0, 3, 2, 1, 1, 0, 1, 1, 0, 1, 7, 3, 6, 4, 4, 2, 6, 9, 7, 4, 2, 2, 10, 5, 3, 5, 2, 7, 2, 3, 1, 0, 1, 1, 6, 5, 0, 2, 5, 2, 1]"
111,1006099,132,test,"[2, 2, 1, 0, 1, 0, 0, 0, 1, 1, 0, 1, 0, 0, 0, 1, 0, 0, 1, 0, 2, 1, 0, 0, 0, 0, 2, 1, 1, 1, 0, 0, 0, 0, 1, 0, 3, 9, 1, 5, 2, 0, 2, 2, 1, 0, 0, 0, 0, 0, 1, 4, 0, 0, 0, 1, 1, 0, 1, 0, 0, 1, 0, 0, 0, 3, 0, 1, 1, 2, 0, 1, 1, 0, 0, 1, 0, 0, 2, 1, 2, 1, 0, 0, 1, 0, 1, 0, 0, 1, 0, 0, 2, 0, 0, 1, 0, 0, 1, 0, 1, 1, 0, 0, 8, 0, 4, 3, 10, 4, 3, 0, 1, 2, 0, 0, 0, 0, 8, 0, 3, 2, 2, 7, 2, 0, 10, 1, 9, 0, 0, 4]"
112,1006108,135,validation,"[1, 1, 1, 2, 1, 2, 1, 3, 0, 0, 0, 4, 0, 0, 2, 1, 0, 2, 0, 0, 0, 0, 0, 0, 1, 0, 1, 0, 4, 0, 0, 0, 0, 0, 0, 1, 3, 1, 0, 0, 2, 2, 0, 6, 4, 0, 1, 2, 1, 1, 0, 0, 1, 1, 8, 6, 1, 0, 4, 10, 11, 6, 0, 0, 3, 0, 0, 0, 0, 1, 4, 0, 0, 1, 3, 1, 0, 1, 1, 5, 2, 1, 0, 6, 0, 1, 1, 0, 0, 0, 1, 2, 0, 1, 23, 20, 15, 14, 13, 23, 12, 25, 20, 18, 1, 1, 0, 1, 2, 0, 0, 0, 4, 1, 0, 3, 2, 1, 0, 1, 5, 7, 0, 5, 6, 1, 4, 0, 0, 1, 1, 3, 0, 1, 6]"
113,1010068,134,validation,"[6, 1, 1, 0, 8, 2, 5, 1, 3, 5, 1, 1, 3, 0, 0, 2, 5, 2, 0, 0, 3, 0, 1, 3, 3, 4, 3, 2, 0, 4, 0, 4, 2, 0, 1, 3, 8, 7, 5, 0, 0, 1, 2, 1, 2, 3, 1, 0, 3, 2, 0, 5, 1, 0, 0, 3, 1, 4, 3, 1, 0, 2, 21, 18, 19, 20, 12, 10, 18, 0, 0, 0, 1, 0, 0, 1, 0, 1, 0, 4, 2, 3, 0, 2, 1, 0, 1, 3, 4, 0, 5, 0, 0, 2, 1, 1, 2, 3, 2, 2, 1, 0, 1, 0, 0, 0, 0, 1, 1, 0, 0, 0, 3, 1, 1, 2, 3, 0, 0, 0, 1, 0, 1, 0, 2, 0, 0, 1, 5, 2, 4, 3, 0, 2]"
114,1013335,133,validation,"[6, 1, 3, 0, 0, 1, 3, 2, 2, 0, 0, 1, 1, 3, 5, 1, 1, 0, 2, 0, 4, 0, 2, 3, 0, 2, 3, 1, 4, 1, 3, 0, 0, 0, 0, 2, 1, 0, 0, 3, 0, 0, 1, 2, 1, 3, 0, 0, 1, 2, 0, 0, 2, 0, 0, 1, 4, 1, 3, 0, 0, 0, 2, 0, 0, 1, 0, 0, 0, 1, 1, 1, 0, 0, 0, 1, 2, 2, 3, 0, 0, 1, 1, 0, 1, 4, 0, 0, 7, 0, 0, 1, 4, 0, 3, 3, 3, 0, 1, 3, 3, 4, 3, 1, 1, 2, 2, 3, 5, 2, 1, 4, 1, 3, 4, 2, 1, 3, 0, 1, 1, 1, 3, 2, 0, 0, 0, 5, 1, 3, 0, 0, 2]"
115,1015621,134,validation,"[2, 0, 2, 0, 0, 0, 1, 0, 2, 0, 0, 0, 2, 1, 0, 0, 2, 0, 0, 2, 0, 1, 0, 2, 0, 0, 0, 0, 0, 0, 1, 0, 0, 0, 0, 0, 0, 1, 0, 0, 0, 0, 1, 0, 0, 0, 1, 1, 1, 0, 0, 3, 1, 0, 2, 0, 0, 1, 0, 0, 1, 0, 0, 0, 0, 0, 8, 0, 1, 0, 0, 0, 0, 0, 0, 2, 0, 0, 1, 0, 2, 2, 0, 5, 1, 1, 0, 0, 1, 1, 0, 0, 0, 0, 0, 3, 0, 0, 1, 0, 2, 1, 0, 2, 1, 0, 1, 0, 3, 1, 1, 1, 0, 3, 1, 4, 0, 2, 2, 1, 0, 1, 1, 1, 1, 1, 0, 0, 2, 4, 8, 0, 0, 3]"
116,1021264,133,test,"[3, 1, 1, 0, 1, 2, 3, 0, 2, 1, 4, 0, 0, 2, 2, 4, 0, 0, 0, 0, 5, 0, 0, 0, 1, 0, 0, 4, 0, 1, 2, 2, 0, 1, 2, 2, 1, 1, 0, 0, 0, 4, 0, 0, 0, 4, 2, 1, 0, 7, 0, 0, 4, 1, 1, 2, 0, 0, 1, 2, 0, 2, 1, 0, 3, 0, 1, 20, 0, 0, 3, 0, 3, 2, 0, 0, 0, 11, 6, 0, 1, 0, 0, 0, 0, 0, 0, 0, 0, 9, 23, 4, 9, 3, 0, 0, 0, 0, 0, 6, 3, 2, 2, 1, 0, 0, 0, 3, 1, 6, 3, 1, 1, 6, 1, 0, 0, 1, 7, 1, 1, 0, 7, 0, 4, 1, 4, 1, 2, 1, 0, 0, 4]"
117,1024810,136,test,"[1, 7, 10, 6, 6, 15, 9, 5, 7, 11, 9, 10, 7, 7, 7, 2, 7, 11, 2, 4, 12, 0, 3, 2, 2, 0, 2, 14, 8, 1, 11, 7, 5, 6, 19, 3, 12, 14, 8, 9, 7, 10, 12, 6, 3, 13, 7, 4, 7, 2, 2, 15, 12, 3, 15, 2, 4, 10, 7, 7, 17, 16, 6, 4, 9, 16, 12, 5, 3, 2, 18, 23, 22, 14, 13, 16, 18, 8, 16, 28, 14, 10, 15, 21, 34, 9, 10, 2, 7, 5, 11, 43, 16, 12, 18, 2, 0, 0, 0, 0, 0, 0, 2, 8, 12, 7, 7, 0, 0, 0, 0, 0, 0, 0, 0, 0, 0, 10, 33, 22, 28, 28, 2, 35, 49, 0, 0, 0, 0, 0, 0, 0, 0, 0, 0, 21]"
118,1026871,134,validation,"[1, 3, 0, 0, 2, 1, 4, 1, 2, 3, 3, 2, 1, 1, 3, 3, 4, 2, 2, 2, 1, 0, 4, 2, 0, 4, 2, 5, 2, 4, 3, 0, 0, 0, 1, 0, 5, 3, 1, 4, 7, 2, 0, 0, 0, 1, 1, 3, 0, 3, 0, 2, 2, 2, 1, 1, 4, 2, 1, 0, 2, 0, 0, 2, 2, 3, 1, 0, 1, 3, 2, 2, 1, 3, 0, 0, 1, 1, 1, 2, 1, 1, 0, 5, 1, 1, 0, 0, 0, 1, 0, 0, 0, 0, 0, 0, 2, 0, 1, 1, 0, 2, 1, 0, 1, 0, 2, 2, 1, 1, 3, 4, 3, 1, 3, 4, 2, 1, 4, 0, 2, 1, 2, 2, 2, 1, 1, 1, 1, 2, 4, 0, 2, 3]"
119,1030948,130,validation,"[2, 0, 0, 0, 3, 1, 0, 1, 2, 0, 0, 0, 1, 1, 1, 1, 1, 1, 3, 2, 2, 0, 2, 2, 1, 0, 1, 1, 1, 0, 1, 0, 1, 0, 1, 1, 5, 1, 0, 0, 0, 0, 0, 0, 0, 1, 1, 2, 0, 0, 1, 0, 1, 0, 1, 2, 0, 1, 0, 1, 2, 1, 0, 0, 2, 1, 1, 0, 1, 6, 1, 0, 0, 1, 0, 1, 0, 0, 2, 1, 1, 0, 1, 0, 1, 1, 0, 3, 3, 0, 0, 1, 1, 0, 0, 0, 0, 1, 1, 0, 1, 0, 3, 1, 1, 0, 0, 0, 1, 0, 1, 2, 2, 1, 2, 2, 1, 0, 1, 1, 0, 1, 1, 2, 1, 0, 0, 0, 0, 2]"
120,1032532,136,test,"[17, 14, 13, 7, 12, 9, 7, 6, 7, 5, 5, 5, 7, 4, 4, 9, 20, 8, 5, 8, 11, 6, 22, 10, 13, 5, 22, 5, 7, 9, 12, 2, 46, 11, 13, 8, 1, 57, 51, 9, 5, 9, 13, 9, 5, 10, 7, 20, 11, 13, 5, 7, 4, 9, 11, 8, 16, 18, 7, 8, 7, 14, 16, 11, 11, 7, 14, 25, 10, 8, 44, 75, 10, 16, 12, 13, 2, 16, 18, 12, 10, 43, 23, 13, 15, 19, 6, 15, 7, 9, 19, 17, 30, 6, 8, 50, 8, 8, 23, 10, 15, 9, 17, 7, 30, 11, 15, 4, 9, 5, 17, 25, 7, 87, 9, 10, 8, 0, 18, 19, 45, 8, 16, 49, 20, 22, 10, 8, 38, 13, 12, 8, 22, 11, 16, 71]"
121,1032541,136,validation,"[119, 7, 3, 5, 8, 9, 12, 14, 11, 1, 3, 8, 7, 8, 6, 7, 5, 9, 9, 3, 8, 4, 22, 10, 10, 6, 9, 12, 5, 10, 4, 3, 74, 3, 5, 9, 3, 100, 106, 1, 2, 6, 13, 129, 0, 5, 3, 10, 12, 7, 12, 3, 6, 3, 9, 5, 12, 5, 7, 4, 7, 9, 13, 17, 11, 7, 10, 19, 6, 10, 57, 60, 4, 5, 20, 5, 4, 11, 15, 1, 7, 17, 21, 12, 21, 17, 2, 15, 54, 9, 9, 20, 5, 10, 4, 41, 7, 10, 17, 14, 7, 15, 5, 15, 19, 7, 6, 8, 3, 12, 19, 24, 8, 201, 0, 1, 1, 5, 16, 12, 104, 5, 22, 110, 12, 11, 5, 9, 75, 3, 6, 4, 10, 9, 5, 128]"
122,1032550,136,validation,"[72, 2, 0, 1, 0, 5, 3, 0, 5, 2, 0, 0, 0, 2, 0, 0, 7, 0, 7, 1, 2, 7, 0, 1, 5, 1, 0, 1, 0, 1, 0, 3, 5, 0, 0, 1, 1, 1, 0, 1, 0, 0, 7, 16, 0, 0, 1, 0, 1, 0, 1, 0, 3, 0, 0, 0, 0, 1, 2, 1, 0, 1, 1, 3, 0, 1, 3, 1, 1, 2, 1, 0, 3, 0, 2, 0, 1, 1, 0, 1, 0, 2, 3, 1, 3, 1, 2, 5, 0, 1, 1, 0, 2, 3, 1, 0, 2, 0, 1, 25, 4, 1, 2, 2, 1, 3, 3, 0, 2, 2, 0, 1, 3, 1, 2, 0, 1, 4, 0, 0, 1, 2, 2, 5, 3, 5, 3, 6, 0, 2, 1, 2, 0, 2, 3, 3]"
123,1032559,136,test,"[2, 4, 3, 2, 1, 2, 2, 5, 2, 3, 0, 0, 1, 1, 9, 5, 2, 1, 1, 1, 0, 1, 4, 1, 0, 0, 1, 1, 0, 1, 0, 2, 1, 1, 4, 3, 1, 0, 1, 4, 4, 0, 1, 0, 3, 0, 5, 0, 3, 0, 1, 0, 0, 1, 4, 0, 1, 3, 1, 1, 1, 0, 1, 5, 3, 2, 2, 1, 4, 0, 4, 3, 2, 7, 3, 10, 2, 0, 1, 2, 2, 6, 15, 5, 7, 1, 3, 5, 2, 2, 1, 7, 1, 1, 0, 5, 2, 2, 2, 5, 4, 5, 3, 4, 2, 3, 6, 4, 6, 1, 7, 3, 2, 4, 2, 2, 2, 2, 1, 3, 2, 4, 4, 2, 2, 2, 2, 5, 5, 3, 3, 2, 0, 2, 4, 2]"
124,1032568,132,test,"[120, 1, 2, 0, 0, 0, 1, 1, 6, 2, 0, 0, 4, 0, 4, 2, 0, 0, 1, 0, 1, 0, 2, 0, 0, 1, 1, 0, 5, 1, 3, 0, 3, 2, 1, 0, 2, 0, 0, 2, 1, 0, 2, 2, 0, 2, 1, 3, 3, 1, 0, 0, 0, 1, 0, 1, 0, 1, 3, 1, 0, 2, 1, 0, 1, 5, 0, 0, 1, 1, 2, 1, 1, 0, 2, 0, 0, 0, 2, 0, 1, 0, 1, 0, 3, 3, 2, 0, 1, 0, 3, 1, 1, 3, 0, 0, 5, 0, 0, 0, 1, 1, 0, 0, 0, 0, 11, 5, 5, 1, 0, 2, 0, 1, 1, 1, 2, 1, 1, 1, 0, 2, 2, 0, 0, 2, 1, 0, 1, 0, 1, 2]"
125,1032586,135,validation,"[4, 5, 0, 1, 2, 6, 6, 4, 2, 0, 1, 5, 4, 3, 2, 2, 1, 2, 2, 2, 4, 4, 1, 3, 0, 0, 0, 0, 7, 1, 2, 0, 6, 11, 3, 3, 3, 1, 3, 3, 1, 1, 2, 2, 0, 1, 2, 1, 2, 1, 5, 1, 1, 3, 1, 2, 2, 2, 9, 2, 4, 3, 10, 2, 3, 2, 2, 4, 3, 2, 2, 4, 1, 3, 2, 4, 2, 4, 4, 4, 0, 5, 0, 3, 3, 3, 2, 0, 1, 4, 4, 1, 4, 2, 2, 1, 2, 4, 3, 5, 1, 3, 3, 4, 6, 2, 5, 3, 6, 4, 7, 1, 6, 4, 0, 3, 0, 7, 4, 6, 1, 4, 3, 2, 6, 5, 4, 4, 4, 3, 1, 1, 3, 3, 4]"
126,1044502,136,validation,"[3, 1, 2, 6, 5, 7, 3, 6, 3, 0, 4, 2, 2, 2, 1, 0, 2, 3, 8, 0, 0, 7, 4, 1, 3, 2, 4, 5, 5, 1, 2, 2, 0, 2, 1, 2, 3, 2, 1, 3, 3, 2, 4, 3, 1, 1, 0, 2, 4, 2, 1, 1, 2, 1, 0, 3, 1, 2, 3, 2, 1, 10, 2, 2, 3, 2, 0, 5, 1, 0, 2, 4, 2, 2, 0, 3, 0, 5, 0, 1, 0, 1, 6, 1, 4, 1, 4, 3, 4, 3, 1, 2, 3, 4, 1, 0, 15, 0, 0, 2, 1, 3, 3, 0, 1, 2, 2, 0, 0, 0, 0, 1, 3, 0, 1, 0, 2, 1, 1, 2, 1, 1, 3, 1, 2, 5, 1, 1, 2, 0, 0, 2, 5, 3, 3, 5]"
127,1044610,134,test,"[2, 0, 0, 1, 3, 0, 0, 1, 1, 4, 3, 0, 3, 1, 2, 0, 2, 0, 0, 1, 3, 0, 2, 2, 1, 2, 4, 1, 1, 2, 1, 2, 2, 0, 1, 2, 0, 1, 0, 1, 0, 0, 0, 1, 0, 0, 0, 3, 2, 1, 0, 3, 4, 6, 0, 1, 0, 0, 4, 1, 2, 1, 1, 3, 0, 1, 2, 5, 1, 2, 3, 0, 2, 5, 1, 2, 3, 6, 5, 3, 2, 1, 1, 1, 2, 2, 6, 5, 2, 4, 5, 2, 0, 3, 3, 1, 1, 4, 0, 2, 2, 6, 2, 2, 0, 0, 5, 4, 2, 2, 2, 1, 0, 2, 1, 1, 0, 1, 1, 0, 1, 0, 1, 5, 1, 1, 0, 2, 3, 0, 0, 0, 0, 1]"
128,1044619,136,validation,"[2, 11, 1, 3, 0, 4, 0, 29, 2, 14, 0, 10, 2, 14, 11, 9, 6, 7, 2, 3, 3, 0, 1, 5, 1, 2, 4, 4, 1, 11, 2, 4, 37, 0, 6, 4, 6, 4, 0, 2, 1, 1, 0, 8, 1, 11, 0, 9, 2, 2, 7, 0, 0, 8, 3, 1, 9, 8, 10, 1, 6, 0, 12, 6, 12, 3, 2, 0, 3, 7, 20, 3, 0, 7, 0, 2, 5, 4, 14, 4, 9, 7, 9, 8, 18, 0, 2, 4, 10, 1, 12, 15, 12, 1, 3, 2, 2, 6, 21, 6, 3, 0, 1, 1, 6, 11, 7, 3, 5, 9, 3, 6, 11, 8, 0, 5, 1, 7, 3, 13, 2, 5, 4, 1, 6, 5, 6, 6, 8, 0, 0, 0, 0, 0, 9, 36]"
129,1044682,136,validation,"[9, 6, 3, 2, 6, 0, 0, 16, 1, 20, 2, 2, 18, 12, 6, 1, 1, 3, 4, 2, 1, 6, 2, 3, 6, 1, 8, 4, 11, 2, 10, 22, 8, 3, 0, 3, 4, 1, 0, 2, 7, 6, 3, 4, 1, 7, 3, 13, 0, 1, 34, 6, 7, 7, 15, 6, 6, 1, 4, 2, 9, 2, 6, 7, 13, 6, 12, 4, 9, 6, 29, 7, 4, 9, 3, 4, 3, 21, 13, 6, 4, 12, 0, 8, 11, 8, 2, 3, 9, 1, 6, 1, 10, 0, 20, 4, 0, 5, 10, 5, 2, 19, 7, 4, 2, 3, 9, 8, 8, 0, 8, 9, 11, 7, 2, 6, 1, 9, 2, 14, 2, 20, 1, 8, 8, 6, 8, 0, 2, 6, 3, 1, 4, 5, 11, 4]"
130,1044691,136,test,"[2, 2, 1, 3, 0, 1, 1, 5, 2, 1, 0, 3, 6, 1, 0, 4, 2, 1, 0, 3, 1, 0, 5, 1, 4, 0, 1, 9, 0, 0, 6, 4, 4, 3, 0, 0, 0, 2, 3, 0, 3, 1, 3, 2, 0, 4, 4, 4, 2, 4, 4, 0, 0, 2, 2, 4, 5, 3, 12, 4, 8, 1, 4, 6, 2, 2, 4, 5, 4, 2, 3, 0, 5, 0, 0, 1, 4, 0, 5, 5, 2, 2, 0, 2, 1, 1, 0, 2, 4, 4, 4, 1, 2, 5, 13, 0, 0, 5, 5, 0, 2, 4, 10, 0, 5, 0, 2, 4, 6, 5, 0, 1, 2, 2, 1, 3, 0, 3, 3, 2, 1, 0, 0, 4, 1, 2, 2, 3, 11, 4, 2, 2, 4, 0, 5, 6]"
131,1047130,136,validation,"[8, 6, 8, 9, 7, 5, 5, 6, 9, 0, 3, 3, 5, 1, 5, 5, 6, 4, 9, 2, 8, 4, 12, 10, 13, 11, 7, 8, 13, 18, 6, 3, 10, 13, 12, 11, 9, 3, 3, 7, 6, 8, 7, 17, 7, 8, 2, 13, 5, 6, 6, 10, 9, 10, 10, 15, 11, 8, 12, 12, 6, 4, 12, 7, 6, 7, 5, 3, 5, 5, 6, 8, 5, 18, 12, 9, 16, 6, 6, 5, 3, 13, 8, 7, 12, 10, 3, 31, 2, 6, 7, 9, 4, 7, 2, 6, 7, 5, 2, 4, 10, 0, 7, 5, 7, 14, 10, 9, 8, 10, 4, 11, 14, 9, 12, 12, 13, 6, 7, 9, 14, 10, 7, 9, 12, 7, 9, 11, 3, 6, 7, 7, 9, 19, 9, 18]"
132,1047967,136,test,"[156, 20, 8, 16, 13, 1, 21, 13, 30, 12, 5, 19, 25, 15, 13, 12, 29, 24, 17, 22, 13, 3, 19, 15, 11, 7, 7, 9, 15, 15, 18, 3, 12, 19, 17, 18, 10, 15, 18, 15, 28, 23, 20, 15, 11, 22, 9, 43, 12, 72, 14, 2, 29, 5, 3, 11, 10, 12, 17, 9, 27, 29, 10, 16, 19, 28, 23, 7, 15, 3, 21, 7, 10, 21, 9, 3, 25, 9, 19, 9, 8, 17, 17, 22, 26, 11, 13, 27, 2, 11, 10, 16, 13, 3, 8, 14, 20, 11, 29, 34, 12, 8, 13, 15, 63, 51, 17, 4, 11, 7, 10, 25, 11, 7, 9, 22, 18, 7, 16, 13, 20, 6, 14, 11, 5, 12, 54, 6, 9, 15, 12, 12, 24, 17, 17, 7]"
133,1048975,136,validation,"[2, 0, 0, 0, 0, 0, 0, 3, 0, 1, 2, 0, 3, 0, 0, 0, 0, 1, 0, 0, 1, 0, 0, 2, 2, 1, 2, 0, 4, 1, 2, 2, 2, 1, 0, 1, 2, 0, 3, 1, 0, 0, 0, 0, 1, 1, 5, 5, 3, 11, 0, 0, 0, 0, 2, 2, 2, 0, 0, 0, 3, 3, 10, 2, 5, 0, 2, 3, 2, 2, 0, 2, 3, 1, 2, 0, 0, 1, 1, 3, 2, 4, 2, 4, 0, 0, 5, 1, 1, 3, 3, 2, 1, 2, 2, 2, 2, 2, 1, 4, 6, 5, 3, 1, 1, 1, 1, 2, 4, 2, 2, 2, 4, 0, 1, 3, 0, 6, 2, 4, 13, 12, 5, 4, 10, 37, 2, 4, 2, 3, 5, 5, 9, 7, 3, 3]"
134,1049776,136,test,"[2, 2, 5, 3, 0, 1, 3, 2, 5, 1, 2, 1, 3, 2, 2, 0, 0, 2, 1, 0, 1, 3, 3, 2, 2, 1, 1, 4, 0, 7, 1, 2, 2, 2, 0, 0, 1, 5, 3, 3, 1, 3, 5, 1, 2, 9, 1, 3, 0, 1, 1, 2, 5, 6, 1, 3, 3, 3, 7, 7, 7, 1, 6, 9, 4, 1, 4, 7, 7, 2, 0, 10, 5, 4, 5, 11, 13, 2, 3, 4, 5, 7, 10, 17, 10, 0, 2, 1, 0, 4, 2, 7, 1, 4, 0, 0, 1, 0, 0, 0, 0, 0, 3, 2, 3, 4, 3, 3, 3, 3, 10, 16, 0, 0, 2, 3, 5, 7, 5, 6, 2, 4, 4, 3, 7, 5, 4, 1, 5, 12, 1, 3, 3, 1, 5, 2]"
135,1050046,136,validation,"[6, 2, 0, 3, 0, 1, 3, 0, 0, 2, 0, 0, 0, 10, 1, 0, 1, 4, 0, 1, 6, 1, 1, 3, 3, 2, 2, 5, 2, 3, 5, 11, 1, 2, 0, 0, 2, 1, 0, 0, 3, 4, 2, 2, 0, 5, 4, 9, 0, 4, 15, 0, 5, 4, 8, 1, 1, 7, 6, 0, 8, 0, 0, 3, 5, 3, 3, 2, 4, 1, 53, 4, 2, 3, 9, 0, 10, 0, 2, 6, 4, 4, 0, 6, 0, 3, 2, 1, 21, 0, 7, 3, 4, 3, 1, 3, 0, 42, 5, 1, 1, 2, 4, 2, 5, 0, 3, 7, 12, 4, 8, 3, 8, 2, 5, 2, 2, 3, 0, 2, 2, 2, 1, 3, 8, 5, 4, 1, 0, 5, 0, 2, 1, 1, 2, 5]"
136,1054978,136,test,"[2, 5, 15, 17, 0, 8, 16, 15, 1, 3, 17, 12, 11, 7, 3, 6, 21, 11, 13, 10, 5, 2, 14, 8, 7, 2, 7, 4, 5, 4, 9, 16, 10, 11, 6, 6, 8, 5, 3, 4, 6, 16, 0, 4, 6, 6, 8, 4, 2, 10, 7, 4, 8, 11, 6, 4, 5, 13, 28, 6, 5, 7, 3, 4, 13, 4, 4, 4, 9, 12, 5, 10, 5, 7, 8, 3, 7, 7, 7, 3, 7, 5, 0, 8, 0, 7, 7, 6, 1, 7, 3, 1, 4, 3, 6, 9, 1, 9, 11, 10, 3, 7, 12, 22, 14, 3, 5, 9, 3, 5, 11, 12, 7, 3, 10, 14, 8, 2, 11, 11, 2, 6, 8, 1, 15, 11, 7, 7, 11, 7, 7, 12, 6, 5, 8, 3]"
137,1056463,136,test,"[2, 2, 5, 1, 7, 2, 1, 5, 3, 2, 1, 12, 0, 1, 4, 4, 3, 6, 1, 5, 3, 3, 12, 7, 4, 4, 1, 10, 11, 2, 5, 3, 11, 9, 15, 15, 10, 0, 3, 7, 10, 6, 3, 4, 6, 5, 6, 5, 5, 4, 4, 0, 7, 3, 4, 3, 6, 5, 2, 4, 21, 8, 6, 2, 23, 2, 1, 1, 3, 1, 3, 10, 3, 1, 29, 1, 1, 4, 2, 0, 7, 7, 3, 6, 16, 2, 5, 6, 1, 5, 7, 11, 1, 87, 4, 8, 4, 6, 6, 2, 9, 0, 11, 3, 9, 6, 6, 8, 1, 29, 7, 5, 3, 11, 1, 3, 5, 2, 9, 12, 37, 4, 3, 8, 6, 1, 3, 95, 0, 3, 6, 2, 3, 5, 10, 4]"
138,1058713,135,validation,"[28, 8, 7, 2, 7, 7, 4, 2, 1, 8, 1, 1, 1, 7, 7, 2, 2, 5, 3, 0, 6, 2, 5, 3, 8, 4, 5, 0, 7, 13, 4, 2, 5, 3, 4, 2, 14, 3, 4, 6, 5, 8, 4, 0, 7, 6, 2, 0, 7, 17, 1, 1, 7, 6, 4, 4, 5, 0, 3, 18, 2, 4, 7, 6, 3, 5, 6, 4, 8, 10, 6, 2, 3, 7, 6, 24, 4, 9, 7, 4, 13, 3, 19, 6, 8, 4, 5, 4, 3, 8, 8, 4, 6, 9, 4, 4, 7, 9, 3, 5, 6, 9, 3, 7, 3, 9, 4, 11, 8, 2, 11, 5, 4, 5, 3, 3, 4, 2, 8, 8, 9, 3, 6, 12, 8, 4, 13, 5, 9, 11, 3, 14, 7, 10, 15]"
139,1060630,136,test,"[8, 11, 14, 9, 6, 14, 3, 9, 5, 3, 6, 9, 2, 4, 8, 6, 3, 10, 7, 5, 4, 7, 5, 7, 4, 8, 6, 6, 6, 0, 9, 3, 3, 7, 9, 5, 7, 12, 2, 4, 7, 6, 3, 5, 13, 6, 5, 4, 5, 6, 2, 6, 4, 0, 2, 14, 9, 5, 9, 6, 5, 3, 10, 5, 3, 1, 3, 4, 3, 2, 8, 2, 3, 8, 6, 4, 14, 8, 4, 5, 4, 2, 1, 7, 2, 5, 0, 0, 3, 4, 8, 6, 5, 7, 5, 5, 2, 4, 2, 5, 10, 7, 5, 4, 2, 0, 0, 0, 4, 3, 1, 2, 1, 3, 6, 2, 3, 1, 0, 9, 6, 3, 4, 3, 3, 7, 4, 4, 5, 0, 0, 5, 6, 2, 7, 2]"
140,1060909,135,validation,"[7, 6, 29, 25, 10, 32, 0, 2, 12, 0, 0, 0, 1, 0, 9, 7, 0, 0, 2, 35, 1, 16, 6, 26, 1, 6, 4, 5, 12, 2, 0, 3, 5, 5, 0, 7, 13, 51, 17, 4, 7, 7, 5, 11, 0, 46, 3, 1, 6, 1, 9, 4, 9, 1, 1, 10, 2, 35, 3, 8, 14, 13, 7, 10, 6, 1, 39, 8, 7, 7, 2, 2, 10, 3, 3, 9, 2, 0, 5, 5, 1, 12, 29, 16, 0, 27, 5, 5, 24, 13, 0, 3, 31, 4, 3, 11, 11, 9, 12, 29, 15, 19, 50, 8, 23, 5, 8, 1, 8, 19, 6, 11, 18, 8, 18, 27, 5, 16, 0, 1, 0, 0, 0, 0, 0, 0, 0, 0, 0, 0, 0, 86, 52, 1, 40]"
141,1061341,124,test,"[11, 5, 2, 6, 5, 0, 9, 1, 36, 5, 5, 20, 6, 3, 2, 7, 1, 0, 5, 1, 17, 30, 1, 0, 2, 2, 0, 1, 2, 0, 18, 17, 18, 5, 2, 2, 18, 10, 9, 8, 0, 22, 7, 1, 3, 3, 5, 3, 4, 6, 2, 6, 3, 24, 1, 2, 1, 7, 7, 3, 10, 0, 2, 3, 5, 6, 0, 8, 5, 8, 5, 8, 6, 5, 4, 7, 1, 9, 13, 4, 7, 14, 10, 21, 13, 2, 0, 3, 2, 8, 4, 4, 6, 10, 7, 5, 5, 5, 29, 7, 11, 0, 7, 2, 3, 0, 0, 0, 0, 0, 0, 1, 1, 8, 7, 5, 1, 0, 0, 0, 11, 0, 2, 6]"
142,1061638,114,validation,"[11, 4, 9, 9, 8, 4, 27, 3, 36, 3, 4, 18, 2, 5, 5, 19, 18, 8, 27, 9, 38, 71, 0, 0, 0, 0, 2, 21, 10, 6, 26, 14, 14, 4, 5, 1, 8, 5, 0, 3, 2, 3, 7, 2, 8, 4, 7, 0, 0, 3, 5, 2, 6, 26, 1, 4, 5, 6, 23, 9, 25, 6, 7, 11, 4, 0, 13, 0, 3, 7, 2, 7, 2, 3, 11, 17, 3, 10, 11, 14, 6, 13, 25, 17, 6, 2, 1, 7, 11, 37, 16, 5, 2, 2, 8, 13, 0, 1, 3, 0, 0, 0, 0, 0, 0, 0, 0, 0, 0, 0, 0, 32, 9, 1]"
143,1063600,135,test,"[9, 0, 2, 0, 1, 2, 3, 2, 2, 0, 1, 2, 2, 0, 0, 3, 6, 0, 1, 0, 0, 0, 2, 1, 7, 0, 2, 1, 0, 2, 2, 0, 2, 1, 0, 0, 2, 2, 3, 4, 1, 1, 0, 1, 1, 0, 1, 0, 1, 3, 0, 3, 2, 3, 2, 1, 3, 2, 4, 2, 1, 1, 0, 1, 0, 2, 1, 0, 0, 4, 1, 1, 2, 0, 2, 1, 0, 1, 2, 3, 0, 2, 3, 5, 4, 0, 0, 0, 0, 1, 2, 4, 0, 2, 3, 4, 1, 3, 4, 4, 1, 4, 1, 0, 0, 0, 2, 1, 4, 5, 1, 5, 0, 0, 3, 0, 2, 2, 0, 1, 3, 5, 2, 1, 0, 2, 0, 0, 0, 3, 1, 3, 2, 0, 1]"
144,1064473,136,validation,"[7, 7, 14, 6, 3, 6, 8, 5, 5, 6, 5, 4, 9, 5, 4, 7, 3, 3, 7, 2, 7, 4, 7, 1, 12, 9, 9, 4, 5, 13, 6, 12, 5, 4, 6, 4, 2, 7, 10, 4, 7, 0, 1, 9, 9, 10, 6, 8, 7, 3, 11, 3, 1, 1, 4, 4, 6, 5, 8, 6, 10, 6, 11, 4, 0, 8, 2, 2, 2, 5, 2, 9, 5, 6, 3, 2, 4, 11, 5, 6, 4, 2, 4, 4, 6, 4, 3, 9, 5, 2, 3, 3, 7, 1, 6, 2, 7, 8, 0, 9, 5, 1, 2, 8, 7, 6, 17, 3, 9, 8, 8, 10, 13, 26, 14, 14, 13, 7, 15, 3, 8, 4, 7, 1, 8, 5, 0, 0, 8, 2, 1, 1, 8, 2, 3, 5]"
145,1064572,135,validation,"[2, 2, 1, 0, 0, 1, 1, 1, 3, 1, 0, 1, 1, 0, 2, 0, 2, 1, 1, 1, 1, 0, 1, 2, 3, 2, 2, 1, 1, 4, 1, 1, 2, 7, 4, 0, 1, 1, 0, 0, 5, 3, 3, 2, 1, 2, 3, 4, 0, 2, 3, 1, 4, 1, 0, 0, 1, 0, 0, 0, 4, 0, 1, 6, 1, 1, 1, 3, 0, 0, 0, 0, 2, 1, 5, 0, 0, 0, 2, 0, 1, 2, 1, 4, 5, 1, 3, 0, 0, 3, 1, 2, 12, 2, 0, 1, 0, 1, 0, 2, 3, 2, 0, 2, 1, 0, 0, 1, 0, 0, 1, 0, 0, 4, 1, 2, 1, 0, 0, 0, 1, 0, 1, 0, 0, 1, 0, 1, 2, 0, 4, 1, 1, 1, 1]"
146,1066570,136,validation,"[18, 17, 1, 17, 2, 21, 27, 38, 7, 8, 26, 13, 39, 1, 3, 6, 4, 18, 6, 5, 11, 13, 19, 4, 31, 9, 25, 22, 26, 12, 10, 36, 6, 17, 14, 8, 14, 4, 11, 0, 4, 15, 2, 5, 19, 16, 23, 24, 4, 32, 10, 7, 27, 24, 2, 10, 5, 19, 4, 5, 2, 2, 4, 12, 5, 6, 6, 4, 1, 6, 7, 6, 3, 7, 0, 32, 3, 3, 5, 7, 10, 16, 0, 4, 3, 7, 7, 17, 11, 2, 6, 44, 4, 1, 4, 4, 2, 19, 9, 1, 16, 4, 2, 7, 1, 5, 1, 2, 3, 4, 1, 0, 14, 4, 0, 0, 0, 12, 0, 0, 0, 0, 0, 0, 0, 0, 0, 0, 0, 0, 0, 8, 9, 11, 0, 5]"
147,1067074,136,test,"[3, 4, 11, 7, 0, 0, 14, 1, 16, 0, 3, 2, 14, 1, 4, 0, 3, 3, 17, 6, 1, 2, 4, 6, 4, 0, 7, 3, 1, 9, 5, 4, 1, 3, 3, 15, 4, 2, 12, 4, 3, 5, 2, 4, 4, 27, 8, 13, 14, 11, 5, 3, 3, 5, 0, 4, 5, 3, 2, 1, 4, 3, 6, 6, 5, 4, 0, 3, 0, 11, 3, 6, 8, 7, 4, 8, 5, 1, 3, 8, 3, 3, 5, 2, 9, 7, 1, 8, 2, 3, 0, 6, 6, 3, 0, 3, 0, 8, 3, 4, 2, 5, 0, 10, 7, 2, 0, 2, 5, 0, 2, 0, 3, 0, 0, 3, 5, 3, 28, 2, 5, 2, 5, 0, 0, 7, 2, 9, 15, 3, 0, 4, 5, 0, 60, 2]"
148,1067092,136,validation,"[9, 42, 23, 16, 11, 43, 18, 3, 27, 17, 6, 3, 19, 13, 9, 8, 5, 15, 19, 16, 25, 6, 8, 6, 24, 24, 27, 8, 33, 7, 18, 43, 22, 37, 51, 22, 8, 21, 14, 35, 13, 14, 7, 12, 16, 11, 12, 21, 16, 5, 20, 5, 16, 13, 20, 21, 28, 15, 29, 13, 17, 11, 13, 8, 20, 6, 3, 7, 9, 22, 6, 6, 18, 16, 22, 29, 26, 6, 11, 8, 8, 9, 14, 10, 7, 8, 14, 10, 15, 5, 16, 24, 17, 9, 15, 19, 6, 15, 5, 30, 9, 19, 3, 10, 16, 3, 12, 9, 10, 29, 11, 12, 9, 8, 8, 13, 17, 23, 1, 13, 10, 13, 12, 15, 8, 21, 46, 16, 30, 18, 14, 10, 17, 2, 2, 13]"
149,1067119,136,test,"[13, 3, 2, 1, 0, 2, 7, 15, 1, 1, 3, 11, 7, 3, 3, 0, 0, 6, 5, 2, 4, 1, 2, 3, 9, 3, 0, 2, 5, 3, 0, 0, 6, 1, 20, 11, 3, 1, 8, 3, 3, 3, 3, 1, 1, 1, 1, 2, 6, 2, 1, 1, 5, 4, 2, 6, 3, 1, 0, 3, 0, 1, 4, 4, 1, 4, 4, 1, 6, 4, 3, 5, 1, 2, 2, 0, 3, 3, 1, 1, 1, 8, 4, 5, 3, 2, 3, 1, 5, 6, 7, 1, 0, 4, 6, 5, 7, 9, 3, 3, 8, 5, 6, 4, 7, 4, 3, 3, 1, 4, 9, 3, 8, 2, 3, 1, 0, 2, 4, 5, 6, 3, 6, 6, 6, 3, 3, 3, 4, 2, 5, 2, 14, 2, 6, 3]"
150,1067128,132,test,"[1, 0, 4, 3, 1, 1, 1, 2, 1, 0, 1, 2, 0, 2, 2, 0, 1, 10, 1, 0, 3, 4, 0, 4, 1, 0, 0, 4, 0, 1, 0, 0, 1, 0, 1, 0, 1, 1, 1, 1, 0, 1, 1, 0, 0, 2, 0, 0, 2, 0, 2, 0, 0, 1, 0, 0, 0, 0, 1, 3, 3, 1, 0, 2, 2, 0, 0, 2, 0, 1, 2, 3, 1, 1, 0, 2, 1, 1, 0, 2, 3, 0, 1, 3, 1, 0, 3, 3, 3, 13, 1, 0, 0, 1, 0, 1, 2, 2, 1, 0, 0, 3, 0, 0, 3, 0, 0, 3, 1, 2, 4, 2, 1, 2, 2, 1, 1, 2, 0, 1, 2, 1, 7, 0, 1, 0, 0, 2, 2, 3, 1, 2]"
151,1068883,132,test,"[1, 0, 0, 0, 0, 0, 2, 0, 1, 0, 1, 0, 0, 1, 1, 0, 0, 0, 0, 0, 0, 0, 0, 0, 0, 0, 1, 0, 3, 1, 0, 0, 1, 0, 0, 0, 0, 1, 0, 0, 0, 2, 1, 0, 0, 1, 1, 0, 1, 0, 2, 1, 0, 1, 0, 0, 0, 0, 1, 2, 1, 1, 4, 1, 0, 1, 4, 1, 1, 1, 0, 1, 0, 0, 2, 0, 1, 0, 0, 0, 1, 3, 0, 2, 3, 2, 0, 0, 0, 1, 1, 0, 0, 1, 0, 0, 3, 0, 0, 0, 0, 1, 0, 0, 0, 0, 0, 1, 1, 0, 0, 0, 4, 2, 0, 1, 1, 1, 1, 2, 2, 1, 0, 1, 0, 2, 1, 2, 4, 2, 1, 1]"
152,1070818,135,test,"[2, 0, 3, 0, 2, 0, 2, 3, 0, 1, 0, 1, 1, 0, 1, 0, 1, 4, 1, 1, 3, 2, 3, 2, 1, 0, 3, 1, 1, 3, 3, 1, 0, 2, 1, 2, 9, 0, 2, 0, 2, 1, 2, 1, 1, 0, 1, 2, 0, 2, 2, 9, 1, 2, 0, 2, 11, 0, 3, 3, 0, 2, 1, 1, 0, 0, 0, 0, 2, 0, 1, 1, 0, 0, 1, 1, 3, 1, 0, 0, 0, 2, 1, 1, 4, 0, 2, 1, 0, 7, 1, 3, 5, 1, 1, 0, 1, 1, 0, 1, 0, 0, 0, 0, 1, 0, 0, 0, 1, 0, 0, 3, 1, 4, 2, 2, 0, 0, 4, 0, 0, 0, 0, 0, 0, 1, 2, 4, 1, 0, 2, 0, 1, 0, 2]"
153,1070836,136,validation,"[3, 1, 4, 2, 4, 7, 5, 2, 5, 5, 3, 7, 4, 2, 4, 1, 4, 1, 1, 0, 3, 2, 4, 1, 5, 1, 2, 4, 7, 5, 2, 1, 6, 5, 2, 7, 2, 4, 5, 0, 2, 1, 4, 4, 1, 1, 1, 2, 3, 1, 4, 3, 3, 1, 2, 5, 3, 1, 5, 7, 2, 9, 2, 5, 0, 11, 0, 4, 3, 0, 4, 1, 0, 1, 1, 1, 1, 0, 2, 1, 1, 4, 1, 3, 3, 1, 3, 0, 2, 0, 2, 2, 1, 2, 0, 0, 3, 1, 2, 0, 4, 2, 4, 2, 0, 0, 1, 0, 1, 0, 0, 3, 2, 1, 3, 3, 2, 1, 8, 6, 3, 3, 5, 3, 5, 1, 2, 3, 3, 1, 1, 4, 2, 6, 0, 1]"
154,1071106,136,validation,"[5, 2, 2, 4, 3, 2, 7, 2, 4, 0, 0, 5, 3, 8, 1, 2, 3, 3, 1, 3, 3, 5, 0, 1, 7, 5, 11, 3, 2, 6, 10, 8, 2, 2, 8, 3, 1, 1, 5, 3, 4, 10, 6, 4, 3, 3, 4, 2, 0, 3, 5, 3, 2, 4, 5, 7, 9, 5, 6, 4, 7, 3, 3, 3, 5, 1, 3, 4, 1, 1, 2, 0, 3, 7, 2, 5, 1, 6, 10, 7, 1, 0, 0, 4, 6, 2, 12, 2, 4, 1, 1, 7, 4, 4, 3, 4, 4, 2, 1, 4, 2, 2, 1, 7, 2, 0, 1, 6, 3, 5, 1, 2, 5, 1, 1, 6, 3, 4, 0, 4, 5, 4, 3, 2, 2, 1, 2, 2, 0, 1, 5, 0, 2, 4, 3, 4]"
155,1071115,135,test,"[7, 0, 0, 3, 0, 0, 1, 0, 7, 1, 0, 0, 11, 0, 3, 5, 0, 0, 0, 3, 0, 0, 1, 7, 0, 0, 1, 2, 0, 6, 0, 3, 0, 2, 1, 2, 2, 0, 2, 2, 0, 2, 7, 0, 1, 0, 8, 1, 1, 1, 2, 0, 1, 3, 0, 3, 1, 2, 0, 4, 9, 1, 0, 1, 0, 0, 2, 0, 1, 0, 2, 1, 0, 1, 0, 2, 1, 0, 1, 0, 0, 0, 0, 0, 0, 1, 0, 1, 0, 0, 2, 3, 5, 0, 0, 0, 0, 0, 2, 0, 1, 0, 2, 0, 0, 0, 2, 0, 0, 3, 0, 0, 0, 1, 0, 1, 0, 1, 3, 1, 4, 6, 4, 2, 0, 4, 3, 0, 1, 0, 0, 4, 1, 1, 2]"
156,1071124,135,validation,"[6, 4, 1, 2, 0, 2, 1, 1, 3, 1, 0, 2, 2, 0, 2, 1, 0, 2, 3, 2, 4, 1, 5, 1, 1, 2, 2, 2, 3, 0, 3, 4, 3, 2, 21, 0, 0, 0, 0, 0, 4, 6, 1, 0, 3, 1, 1, 9, 1, 0, 1, 2, 1, 2, 2, 1, 3, 3, 3, 3, 1, 6, 2, 0, 0, 1, 1, 0, 0, 10, 3, 0, 0, 0, 2, 0, 1, 1, 0, 3, 0, 7, 0, 0, 1, 1, 1, 1, 2, 0, 0, 3, 4, 1, 1, 0, 0, 1, 0, 0, 1, 0, 1, 0, 13, 0, 1, 1, 0, 2, 1, 1, 2, 0, 4, 3, 5, 0, 2, 1, 0, 0, 1, 1, 0, 0, 1, 0, 2, 0, 0, 0, 1, 0, 1]"
157,1074823,129,validation,"[13, 16, 31, 25, 31, 49, 12, 22, 34, 54, 27, 33, 30, 24, 91, 96, 64, 63, 45, 35, 48, 60, 66, 81, 81, 35, 58, 46, 31, 38, 14, 0, 0, 0, 8, 49, 32, 32, 14, 24, 42, 45, 40, 89, 91, 52, 29, 44, 63, 61, 33, 83, 57, 42, 48, 63, 63, 64, 56, 16, 24, 2, 0, 0, 0, 0, 0, 0, 16, 24, 5, 3, 0, 0, 0, 0, 0, 0, 0, 0, 0, 33, 14, 1, 0, 0, 0, 0, 0, 0, 0, 0, 0, 0, 0, 3, 5, 11, 10, 7, 0, 0, 16, 18, 13, 7, 4, 1, 0, 0, 0, 0, 0, 0, 0, 0, 0, 0, 0, 3, 3, 3, 0, 0, 31, 2, 1, 37, 8]"
158,1075651,128,test,"[5, 0, 0, 0, 1, 0, 0, 1, 0, 1, 1, 0, 2, 0, 0, 0, 0, 0, 0, 0, 2, 2, 0, 2, 0, 2, 0, 0, 3, 0, 3, 2, 3, 1, 0, 3, 1, 2, 0, 0, 1, 0, 1, 1, 2, 0, 4, 0, 5, 0, 0, 1, 2, 2, 7, 0, 1, 1, 0, 1, 4, 3, 3, 4, 0, 0, 3, 0, 3, 2, 5, 0, 5, 2, 2, 6, 2, 6, 0, 1, 5, 1, 1, 9, 0, 0, 3, 0, 1, 3, 0, 0, 4, 1, 3, 0, 0, 0, 0, 2, 0, 0, 0, 0, 0, 1, 0, 2, 1, 0, 0, 1, 3, 0, 0, 10, 0, 3, 1, 2, 1, 0, 2, 5, 1, 3, 5, 2]"
159,1076920,135,validation,"[3, 0, 1, 0, 1, 0, 0, 10, 4, 4, 2, 0, 0, 2, 1, 4, 0, 3, 3, 2, 1, 3, 0, 1, 1, 2, 0, 2, 0, 1, 4, 3, 2, 3, 0, 0, 1, 0, 4, 4, 0, 1, 1, 0, 2, 3, 2, 4, 0, 2, 0, 2, 0, 1, 0, 1, 1, 1, 5, 1, 2, 0, 0, 5, 0, 1, 0, 2, 3, 0, 3, 0, 1, 0, 1, 2, 4, 2, 2, 3, 4, 2, 6, 0, 4, 1, 0, 0, 0, 2, 2, 2, 1, 0, 0, 2, 3, 0, 0, 2, 0, 1, 0, 0, 1, 0, 1, 0, 0, 3, 0, 0, 0, 0, 1, 0, 2, 1, 0, 2, 2, 0, 1, 1, 0, 1, 0, 0, 0, 0, 1, 1, 5, 0, 1]"
160,1076929,134,test,"[1, 1, 0, 0, 0, 1, 3, 0, 0, 1, 0, 2, 1, 1, 1, 1, 0, 0, 0, 1, 5, 0, 0, 0, 0, 0, 1, 0, 1, 1, 1, 2, 0, 1, 1, 0, 0, 1, 0, 0, 0, 1, 2, 1, 0, 1, 2, 2, 0, 0, 0, 0, 0, 0, 0, 0, 0, 2, 0, 1, 0, 0, 0, 0, 0, 0, 0, 1, 0, 0, 0, 2, 3, 2, 1, 0, 1, 1, 0, 0, 1, 1, 1, 23, 6, 27, 25, 10, 9, 17, 2, 0, 0, 0, 0, 0, 1, 2, 0, 0, 0, 0, 1, 1, 0, 0, 1, 0, 1, 0, 1, 0, 2, 3, 5, 1, 4, 0, 0, 0, 0, 2, 3, 0, 1, 0, 0, 0, 0, 0, 1, 0, 4, 1]"
161,1076938,128,validation,"[3, 1, 2, 0, 2, 3, 1, 2, 0, 0, 1, 0, 0, 1, 0, 2, 0, 1, 1, 1, 0, 0, 1, 0, 1, 0, 0, 1, 2, 2, 3, 0, 3, 10, 0, 2, 2, 0, 1, 1, 0, 1, 1, 1, 1, 1, 1, 1, 1, 0, 2, 1, 2, 0, 1, 0, 0, 4, 0, 0, 3, 0, 3, 0, 1, 3, 1, 1, 0, 0, 0, 2, 1, 2, 0, 1, 1, 35, 11, 3, 0, 0, 1, 0, 0, 0, 0, 0, 1, 2, 3, 3, 2, 0, 0, 0, 0, 0, 1, 1, 2, 1, 0, 0, 1, 0, 0, 0, 1, 0, 0, 2, 18, 24, 34, 7, 26, 9, 14, 0, 0, 0, 0, 0, 1, 0, 0, 1]"
162,1077118,136,test,"[2, 5, 0, 1, 2, 1, 4, 0, 1, 1, 0, 6, 0, 0, 0, 1, 0, 0, 0, 0, 0, 0, 0, 0, 0, 0, 0, 0, 0, 0, 0, 0, 0, 0, 0, 0, 0, 0, 0, 0, 0, 0, 0, 0, 0, 0, 0, 0, 0, 0, 0, 0, 0, 0, 0, 0, 0, 0, 0, 0, 0, 0, 0, 0, 0, 0, 0, 0, 0, 0, 3, 6, 1, 8, 2, 3, 1, 2, 5, 3, 4, 9, 0, 0, 0, 2, 2, 1, 3, 2, 2, 6, 3, 0, 1, 1, 4, 1, 4, 4, 1, 0, 1, 1, 6, 2, 6, 2, 10, 3, 0, 1, 1, 10, 3, 0, 3, 1, 4, 4, 14, 8, 4, 10, 3, 0, 13, 15, 1, 1, 1, 0, 0, 6, 2, 3]"
163,1081060,136,test,"[17, 20, 15, 20, 4, 24, 29, 1, 4, 1, 2, 29, 4, 6, 9, 6, 6, 5, 1, 2, 30, 19, 5, 0, 3, 0, 0, 6, 8, 15, 0, 16, 5, 3, 31, 10, 8, 11, 12, 17, 25, 23, 11, 6, 2, 25, 7, 31, 4, 3, 6, 5, 7, 8, 3, 30, 24, 8, 13, 13, 16, 29, 1, 2, 0, 6, 2, 14, 0, 4, 2, 8, 6, 1, 3, 5, 6, 22, 6, 6, 5, 13, 2, 0, 15, 0, 5, 4, 5, 0, 5, 9, 0, 7, 10, 9, 5, 17, 0, 0, 9, 3, 5, 2, 5, 0, 0, 1, 0, 7, 9, 0, 6, 10, 6, 0, 13, 20, 0, 1, 0, 12, 9, 10, 0, 0, 0, 1, 3, 12, 0, 0, 0, 6, 0, 7]"
164,1081069,136,test,"[6, 6, 0, 2, 4, 1, 0, 5, 0, 2, 3, 3, 7, 10, 0, 0, 3, 1, 0, 0, 5, 1, 5, 0, 3, 0, 0, 1, 0, 4, 0, 0, 2, 3, 4, 6, 2, 0, 0, 0, 16, 0, 1, 2, 0, 9, 0, 0, 3, 2, 0, 4, 0, 0, 0, 5, 0, 2, 1, 0, 0, 8, 1, 4, 0, 2, 3, 1, 0, 0, 10, 0, 0, 0, 2, 1, 2, 5, 0, 3, 2, 5, 2, 0, 1, 0, 5, 0, 0, 2, 3, 2, 0, 6, 4, 6, 1, 5, 1, 0, 0, 1, 4, 2, 0, 2, 1, 0, 0, 3, 10, 4, 0, 0, 4, 6, 3, 11, 0, 0, 0, 4, 1, 6, 9, 0, 0, 0, 1, 3, 1, 3, 1, 0, 0, 1]"
165,1081078,136,test,"[3, 2, 3, 0, 3, 1, 2, 2, 1, 2, 0, 1, 1, 0, 1, 1, 2, 2, 4, 0, 1, 1, 3, 1, 4, 4, 1, 1, 0, 4, 3, 2, 4, 4, 0, 3, 4, 2, 0, 0, 0, 0, 5, 1, 2, 4, 3, 3, 6, 2, 3, 1, 0, 0, 1, 1, 0, 0, 1, 2, 1, 0, 12, 2, 0, 4, 0, 1, 0, 1, 13, 2, 4, 3, 0, 0, 1, 1, 1, 2, 0, 2, 2, 2, 2, 2, 3, 2, 0, 1, 3, 0, 4, 1, 0, 3, 1, 2, 1, 5, 4, 0, 0, 2, 3, 4, 3, 3, 0, 0, 0, 1, 6, 2, 2, 0, 2, 0, 0, 0, 0, 3, 1, 0, 0, 0, 1, 0, 0, 2, 1, 3, 1, 0, 3, 1]"
166,1081087,114,validation,"[6, 5, 0, 4, 0, 0, 5, 1, 4, 9, 0, 4, 3, 2, 4, 6, 13, 1, 5, 0, 0, 0, 0, 0, 3, 3, 5, 15, 0, 9, 3, 1, 7, 1, 11, 1, 0, 4, 4, 9, 0, 14, 0, 0, 19, 8, 0, 3, 4, 17, 0, 2, 2, 16, 7, 8, 1, 6, 2, 0, 2, 1, 8, 0, 0, 0, 0, 1, 24, 8, 4, 0, 2, 1, 1, 0, 2, 1, 9, 1, 3, 0, 0, 1, 10, 6, 1, 1, 2, 0, 2, 0, 0, 0, 0, 0, 0, 0, 0, 0, 0, 0, 0, 0, 0, 0, 8, 3, 7, 2, 5, 2, 5, 4]"
167,1081321,135,test,"[6, 1, 3, 0, 0, 8, 6, 5, 5, 4, 3, 5, 2, 0, 10, 2, 3, 1, 4, 0, 4, 5, 2, 0, 0, 2, 2, 2, 1, 0, 0, 8, 2, 1, 3, 1, 2, 4, 1, 3, 1, 2, 4, 3, 3, 3, 0, 0, 2, 1, 0, 1, 4, 1, 2, 2, 3, 3, 0, 1, 2, 2, 2, 0, 5, 2, 0, 2, 7, 4, 4, 1, 0, 1, 4, 0, 3, 5, 2, 8, 5, 2, 6, 0, 4, 1, 1, 6, 2, 1, 3, 4, 1, 5, 2, 2, 7, 9, 3, 4, 4, 5, 3, 3, 0, 6, 1, 2, 0, 0, 0, 0, 0, 0, 0, 0, 0, 0, 0, 0, 0, 0, 0, 0, 0, 0, 0, 0, 0, 0, 0, 0, 3, 2, 1]"
168,1081339,133,test,"[3, 2, 2, 3, 5, 5, 0, 0, 0, 0, 0, 0, 0, 0, 0, 0, 0, 0, 0, 0, 3, 0, 0, 1, 4, 1, 15, 2, 2, 2, 0, 0, 1, 2, 2, 3, 3, 4, 5, 7, 2, 5, 2, 6, 2, 0, 3, 0, 1, 5, 5, 1, 0, 1, 2, 4, 0, 2, 4, 3, 3, 0, 2, 3, 0, 4, 0, 5, 3, 0, 10, 4, 5, 1, 7, 0, 5, 9, 7, 6, 0, 2, 8, 4, 0, 1, 1, 6, 5, 5, 1, 4, 2, 0, 1, 0, 4, 0, 0, 0, 0, 0, 1, 0, 2, 0, 3, 1, 0, 0, 0, 0, 0, 0, 0, 0, 0, 0, 0, 0, 0, 0, 0, 0, 0, 0, 0, 0, 0, 0, 2, 0, 1]"
169,1082743,135,test,"[4, 0, 1, 0, 0, 0, 0, 4, 0, 2, 3, 0, 1, 1, 6, 1, 0, 0, 0, 1, 1, 0, 2, 0, 0, 0, 0, 1, 0, 1, 2, 1, 1, 0, 0, 0, 0, 0, 0, 1, 0, 0, 4, 0, 4, 0, 0, 0, 0, 4, 5, 3, 0, 1, 0, 1, 1, 0, 5, 0, 0, 0, 2, 3, 1, 10, 2, 2, 5, 0, 4, 0, 0, 0, 0, 0, 0, 0, 0, 9, 0, 0, 2, 4, 4, 0, 5, 0, 1, 7, 3, 2, 5, 6, 0, 6, 1, 0, 9, 3, 5, 0, 1, 0, 2, 2, 1, 3, 16, 5, 18, 22, 9, 5, 0, 0, 34, 0, 0, 25, 1, 0, 0, 0, 0, 0, 0, 0, 0, 12, 35, 9, 2, 14, 11]"
170,1084498,136,validation,"[1, 2, 12, 5, 0, 2, 8, 6, 3, 1, 31, 2, 0, 0, 0, 0, 0, 0, 0, 0, 0, 0, 0, 0, 0, 0, 0, 0, 0, 0, 16, 1, 3, 2, 1, 2, 8, 1, 5, 5, 0, 0, 0, 5, 0, 1, 1, 0, 2, 10, 0, 17, 4, 0, 0, 6, 6, 15, 4, 2, 26, 0, 0, 5, 7, 2, 2, 6, 7, 2, 6, 2, 0, 12, 1, 1, 0, 8, 0, 2, 1, 6, 9, 5, 2, 0, 4, 3, 6, 3, 3, 7, 2, 4, 5, 3, 3, 4, 4, 1, 3, 6, 3, 2, 4, 1, 12, 3, 1, 6, 7, 2, 1, 1, 7, 1, 11, 0, 0, 5, 2, 4, 9, 11, 4, 1, 0, 7, 5, 0, 0, 0, 0, 0, 3, 4]"
171,1085749,134,test,"[2, 0, 0, 0, 1, 0, 0, 0, 1, 1, 0, 6, 0, 1, 0, 0, 4, 0, 2, 1, 0, 2, 5, 1, 0, 0, 4, 0, 4, 0, 0, 0, 1, 0, 2, 4, 0, 0, 0, 0, 0, 0, 0, 2, 0, 0, 2, 0, 0, 1, 6, 0, 0, 4, 3, 3, 0, 0, 2, 4, 1, 2, 0, 0, 0, 1, 1, 2, 0, 0, 0, 1, 2, 7, 6, 2, 1, 6, 1, 1, 2, 4, 2, 2, 1, 4, 1, 2, 1, 1, 2, 0, 1, 3, 0, 2, 1, 2, 0, 1, 4, 2, 4, 1, 2, 2, 2, 0, 0, 10, 0, 0, 4, 0, 0, 0, 4, 1, 1, 1, 4, 1, 1, 6, 6, 1, 1, 6, 1, 1, 6, 2, 1, 1]"
172,1090024,136,test,"[4, 5, 3, 5, 4, 4, 2, 3, 2, 2, 2, 6, 1, 1, 2, 0, 1, 0, 2, 1, 1, 4, 5, 11, 2, 4, 2, 2, 2, 3, 2, 1, 2, 3, 1, 1, 1, 5, 1, 0, 1, 1, 2, 4, 1, 2, 0, 0, 3, 11, 4, 0, 1, 6, 0, 3, 2, 4, 5, 3, 1, 2, 2, 0, 2, 0, 0, 3, 1, 1, 5, 0, 4, 2, 2, 1, 1, 2, 2, 3, 2, 1, 0, 1, 3, 1, 1, 0, 2, 0, 4, 0, 0, 2, 5, 5, 4, 1, 5, 0, 0, 12, 4, 3, 0, 3, 4, 3, 4, 4, 4, 2, 0, 2, 1, 1, 0, 4, 6, 6, 11, 5, 5, 5, 8, 7, 9, 9, 3, 5, 14, 6, 8, 11, 8, 12]"
173,1090105,135,validation,"[1, 1, 0, 1, 1, 1, 1, 1, 0, 0, 3, 1, 1, 1, 2, 0, 0, 1, 2, 0, 2, 3, 0, 0, 1, 0, 0, 0, 0, 1, 2, 1, 0, 1, 2, 2, 0, 1, 0, 2, 1, 0, 1, 0, 0, 1, 0, 0, 0, 1, 0, 0, 1, 2, 0, 0, 1, 4, 0, 0, 0, 1, 2, 4, 0, 0, 1, 0, 1, 0, 1, 2, 0, 1, 1, 0, 2, 3, 0, 1, 0, 0, 1, 0, 0, 1, 0, 1, 0, 0, 1, 5, 1, 0, 1, 2, 1, 2, 2, 2, 1, 1, 0, 2, 1, 0, 1, 0, 0, 2, 1, 0, 1, 0, 0, 0, 0, 0, 1, 0, 1, 0, 2, 0, 2, 0, 1, 1, 0, 0, 0, 1, 0, 0, 4]"
174,1090114,134,validation,"[2, 0, 0, 1, 0, 1, 2, 1, 0, 0, 0, 2, 0, 1, 3, 0, 0, 0, 3, 0, 0, 1, 1, 0, 0, 0, 0, 0, 0, 2, 2, 1, 0, 1, 3, 0, 2, 0, 1, 0, 1, 0, 0, 1, 0, 0, 0, 0, 0, 1, 0, 0, 0, 3, 0, 0, 0, 1, 0, 1, 1, 3, 2, 2, 1, 0, 0, 0, 1, 0, 1, 2, 1, 0, 1, 0, 0, 0, 0, 2, 0, 0, 0, 0, 0, 0, 0, 1, 0, 0, 1, 7, 0, 0, 0, 2, 0, 0, 2, 0, 1, 1, 0, 1, 2, 4, 1, 1, 1, 0, 0, 0, 0, 0, 0, 1, 1, 0, 1, 1, 2, 0, 1, 2, 2, 1, 0, 2, 3, 0, 4, 1, 1, 1]"
175,1090240,136,validation,"[2, 1, 5, 4, 0, 3, 3, 6, 7, 0, 1, 1, 10, 1, 4, 9, 3, 0, 1, 0, 3, 2, 1, 5, 2, 1, 6, 6, 1, 1, 7, 1, 6, 3, 0, 0, 1, 8, 2, 1, 0, 0, 10, 6, 2, 2, 7, 6, 2, 4, 4, 4, 4, 3, 1, 1, 0, 2, 6, 6, 1, 1, 2, 11, 4, 3, 1, 3, 3, 0, 30, 44, 50, 27, 0, 6, 6, 2, 1, 2, 0, 4, 11, 1, 5, 1, 5, 2, 1, 5, 2, 1, 2, 2, 0, 28, 13, 23, 23, 28, 25, 8, 25, 22, 24, 1, 0, 0, 0, 1, 1, 3, 1, 0, 2, 0, 0, 4, 0, 1, 1, 1, 3, 1, 0, 3, 0, 1, 0, 2, 0, 0, 2, 2, 2, 4]"
176,1090249,101,train-only,"[3, 3, 7, 3, 0, 0, 1, 1, 1, 3, 0, 0, 2, 1, 1, 0, 5, 4, 1, 0, 1, 1, 3, 0, 2, 2, 2, 0, 1, 2, 2, 3, 2, 1, 4, 3, 0, 0, 2, 0, 5, 0, 7, 6, 7, 8, 10, 13, 4, 1, 5, 9, 0, 2, 6, 0, 4, 10, 3, 1, 3, 3, 0, 5, 2, 4, 0, 3, 4, 0, 3, 1, 2, 0, 0, 1, 1, 2, 2, 0, 11, 5, 6, 6, 1, 1, 1, 4, 0, 5, 4, 6, 2, 2, 6, 11, 7, 9, 6, 2, 3]"
177,1090258,135,test,"[2, 0, 1, 2, 1, 0, 1, 1, 1, 0, 1, 1, 0, 0, 1, 0, 3, 0, 0, 4, 1, 0, 0, 0, 3, 0, 0, 0, 30, 27, 19, 11, 5, 12, 14, 0, 2, 0, 1, 0, 0, 1, 0, 0, 0, 4, 0, 0, 0, 0, 0, 0, 0, 0, 0, 0, 1, 0, 7, 0, 0, 1, 0, 43, 24, 24, 1, 0, 0, 19, 1, 0, 0, 0, 1, 0, 0, 0, 0, 0, 0, 0, 3, 1, 0, 0, 2, 1, 0, 0, 1, 4, 1, 0, 0, 1, 0, 0, 2, 2, 2, 2, 0, 2, 1, 33, 18, 16, 10, 19, 8, 1, 0, 0, 0, 1, 1, 2, 1, 6, 3, 4, 4, 2, 2, 0, 4, 3, 4, 9, 11, 7, 5, 1, 2]"
178,1090276,136,validation,"[1, 3, 0, 3, 4, 4, 4, 4, 4, 1, 2, 0, 3, 1, 2, 4, 3, 5, 0, 0, 0, 0, 0, 0, 3, 2, 3, 0, 3, 5, 2, 1, 1, 0, 3, 1, 0, 1, 2, 5, 2, 1, 2, 0, 4, 1, 6, 0, 5, 4, 0, 0, 3, 4, 0, 0, 3, 1, 0, 0, 2, 2, 1, 4, 0, 0, 0, 2, 2, 0, 0, 1, 0, 1, 0, 0, 0, 1, 0, 2, 0, 3, 3, 1, 4, 0, 0, 1, 4, 0, 5, 1, 1, 0, 0, 1, 0, 0, 1, 0, 2, 0, 0, 3, 0, 2, 1, 0, 0, 1, 0, 0, 0, 0, 1, 1, 2, 4, 0, 3, 1, 0, 1, 0, 1, 2, 0, 1, 2, 4, 1, 2, 2, 2, 1, 1]"
179,1090294,133,validation,"[4, 4, 0, 0, 3, 0, 0, 4, 0, 0, 2, 2, 0, 0, 0, 4, 0, 0, 1, 0, 0, 0, 0, 0, 0, 0, 0, 0, 0, 0, 0, 0, 0, 0, 0, 0, 0, 0, 0, 0, 0, 0, 0, 0, 0, 0, 0, 10, 4, 0, 1, 1, 1, 0, 3, 0, 0, 4, 5, 0, 0, 1, 1, 1, 2, 1, 0, 1, 4, 1, 1, 1, 0, 0, 0, 0, 3, 4, 0, 4, 3, 0, 0, 0, 1, 0, 0, 4, 0, 0, 1, 0, 0, 0, 1, 1, 0, 0, 4, 1, 0, 0, 2, 1, 2, 2, 0, 4, 5, 2, 1, 3, 1, 0, 1, 0, 2, 0, 5, 0, 0, 0, 2, 2, 5, 5, 4, 0, 1, 2, 0, 2, 2]"
180,1090303,135,validation,"[3, 0, 0, 2, 4, 0, 0, 0, 0, 0, 6, 0, 2, 0, 1, 1, 0, 0, 4, 0, 1, 1, 0, 1, 1, 1, 0, 1, 2, 1, 0, 1, 4, 0, 0, 0, 0, 0, 0, 0, 0, 0, 0, 0, 0, 0, 0, 0, 0, 0, 0, 0, 0, 0, 0, 0, 0, 3, 0, 1, 4, 0, 1, 1, 0, 1, 0, 2, 0, 0, 0, 3, 1, 0, 0, 0, 4, 0, 0, 3, 6, 1, 4, 0, 2, 0, 0, 1, 1, 0, 5, 1, 0, 0, 0, 0, 0, 1, 1, 2, 0, 4, 0, 0, 1, 4, 3, 2, 3, 0, 4, 1, 4, 2, 2, 0, 3, 0, 0, 6, 0, 0, 0, 0, 0, 1, 2, 1, 3, 4, 2, 1, 2, 0, 2]"
181,1092184,135,test,"[3, 4, 0, 1, 3, 2, 1, 7, 1, 3, 4, 5, 2, 2, 0, 0, 0, 1, 0, 5, 3, 2, 1, 7, 5, 0, 7, 3, 3, 0, 3, 7, 1, 1, 1, 1, 2, 3, 1, 1, 0, 3, 0, 0, 2, 6, 1, 1, 0, 0, 0, 0, 2, 1, 1, 4, 4, 2, 3, 4, 6, 7, 7, 6, 5, 4, 3, 4, 1, 3, 7, 1, 1, 2, 1, 0, 2, 0, 4, 2, 0, 6, 5, 5, 2, 8, 4, 8, 1, 7, 3, 6, 1, 2, 1, 0, 2, 3, 4, 1, 0, 7, 2, 4, 4, 3, 0, 1, 4, 4, 2, 2, 4, 2, 1, 2, 2, 2, 4, 7, 3, 4, 1, 6, 5, 5, 4, 3, 1, 3, 2, 2, 6, 5, 3]"
182,1097143,127,validation,"[12, 18, 11, 2, 0, 1, 2, 2, 12, 0, 6, 1, 2, 1, 0, 0, 0, 0, 0, 2, 10, 0, 0, 6, 21, 5, 1, 4, 2, 1, 4, 1, 0, 4, 0, 0, 0, 15, 0, 0, 0, 0, 0, 8, 1, 1, 7, 8, 1, 11, 4, 4, 2, 5, 1, 0, 4, 6, 0, 2, 2, 0, 10, 10, 8, 0, 6, 0, 0, 0, 4, 10, 5, 10, 0, 5, 1, 4, 13, 28, 11, 11, 0, 6, 0, 7, 0, 6, 95, 6, 2, 6, 2, 4, 14, 19, 0, 11, 2, 2, 7, 4, 2, 4, 24, 0, 1, 4, 12, 3, 18, 6, 12, 8, 41, 7, 1, 18, 3, 4, 3, 16, 18, 8, 14, 12, 6]"
183,1098493,136,validation,"[1, 3, 2, 1, 0, 2, 1, 0, 3, 0, 0, 1, 1, 0, 2, 2, 0, 0, 3, 2, 1, 3, 2, 0, 0, 0, 1, 2, 2, 0, 2, 1, 1, 1, 1, 5, 1, 2, 0, 1, 2, 2, 1, 2, 0, 1, 1, 1, 1, 1, 0, 1, 2, 0, 0, 0, 1, 2, 3, 2, 1, 2, 0, 0, 0, 0, 1, 0, 2, 0, 4, 0, 2, 1, 2, 0, 0, 2, 0, 3, 1, 1, 1, 1, 0, 2, 2, 2, 3, 0, 7, 3, 3, 1, 1, 1, 0, 1, 0, 3, 4, 2, 1, 3, 3, 2, 1, 2, 0, 2, 0, 0, 4, 1, 0, 3, 2, 0, 4, 0, 2, 2, 1, 0, 5, 2, 1, 0, 2, 1, 1, 1, 0, 1, 0, 3]"
184,1098502,135,validation,"[1, 2, 0, 2, 0, 3, 1, 1, 1, 0, 2, 1, 1, 0, 1, 0, 2, 0, 2, 0, 1, 0, 1, 0, 4, 1, 1, 0, 1, 0, 2, 0, 0, 1, 1, 0, 1, 0, 0, 0, 0, 1, 4, 3, 1, 1, 0, 0, 1, 0, 0, 1, 1, 0, 1, 1, 1, 4, 1, 0, 6, 0, 0, 1, 1, 1, 1, 0, 1, 1, 0, 1, 0, 0, 0, 2, 0, 1, 1, 1, 0, 2, 1, 0, 2, 0, 0, 2, 1, 0, 1, 1, 1, 0, 0, 0, 0, 0, 4, 0, 2, 0, 0, 1, 0, 0, 1, 0, 0, 1, 0, 2, 4, 0, 3, 2, 0, 4, 1, 0, 1, 1, 2, 1, 2, 1, 1, 0, 3, 1, 0, 2, 0, 1, 1]"
185,1101553,133,test,"[2, 1, 1, 2, 2, 1, 2, 2, 2, 0, 1, 0, 1, 3, 2, 1, 2, 0, 1, 1, 3, 0, 0, 0, 0, 1, 0, 0, 1, 0, 1, 3, 0, 0, 0, 2, 0, 0, 1, 0, 2, 2, 2, 1, 1, 1, 1, 1, 0, 1, 0, 1, 0, 0, 0, 2, 1, 0, 3, 1, 0, 0, 0, 2, 0, 0, 0, 2, 0, 0, 6, 5, 3, 4, 3, 6, 1, 1, 0, 2, 1, 0, 1, 3, 0, 0, 0, 1, 0, 1, 1, 2, 0, 1, 1, 4, 2, 4, 4, 4, 2, 2, 1, 4, 1, 0, 0, 0, 0, 1, 0, 0, 1, 0, 0, 0, 0, 0, 1, 0, 0, 0, 2, 1, 2, 0, 0, 0, 0, 0, 0, 0, 1]"
186,1101562,136,test,"[2, 0, 4, 1, 1, 4, 0, 1, 2, 0, 3, 2, 1, 1, 1, 0, 0, 2, 2, 0, 0, 1, 4, 1, 4, 2, 3, 3, 5, 1, 1, 0, 0, 0, 1, 2, 0, 1, 0, 3, 2, 1, 3, 2, 2, 0, 1, 2, 0, 5, 1, 0, 1, 1, 2, 2, 1, 3, 0, 0, 0, 0, 0, 0, 0, 0, 0, 0, 0, 1, 4, 1, 1, 1, 2, 2, 1, 8, 7, 6, 5, 7, 6, 7, 4, 2, 0, 2, 2, 2, 2, 0, 3, 1, 0, 1, 2, 0, 1, 2, 0, 2, 0, 1, 1, 4, 4, 2, 1, 2, 2, 1, 2, 3, 2, 0, 1, 0, 1, 0, 0, 0, 1, 1, 0, 0, 0, 1, 3, 2, 0, 1, 2, 1, 0, 1]"
187,1101571,134,test,"[2, 1, 1, 0, 1, 2, 1, 1, 0, 9, 2, 1, 1, 2, 3, 0, 1, 1, 1, 0, 2, 2, 0, 2, 0, 1, 2, 1, 0, 0, 0, 1, 1, 2, 2, 1, 0, 0, 0, 0, 2, 1, 0, 0, 2, 1, 1, 1, 2, 1, 0, 0, 0, 2, 0, 1, 1, 0, 0, 0, 1, 1, 0, 1, 0, 0, 0, 0, 1, 0, 1, 0, 0, 1, 0, 0, 1, 0, 1, 0, 1, 0, 28, 21, 30, 17, 17, 16, 18, 19, 1, 0, 0, 0, 0, 0, 1, 0, 0, 1, 2, 1, 1, 15, 20, 17, 9, 23, 13, 9, 2, 0, 0, 1, 1, 1, 0, 0, 4, 1, 1, 0, 0, 4, 2, 0, 0, 0, 0, 0, 0, 8, 3, 6]"
188,1101661,136,validation,"[2, 3, 0, 0, 0, 5, 9, 5, 3, 0, 6, 0, 0, 0, 20, 0, 0, 5, 1, 0, 0, 4, 0, 4, 7, 15, 0, 1, 2, 11, 5, 2, 0, 1, 5, 9, 5, 1, 1, 7, 3, 0, 1, 0, 2, 4, 6, 22, 9, 2, 1, 1, 0, 0, 4, 10, 17, 2, 5, 2, 6, 2, 0, 0, 0, 17, 2, 3, 0, 12, 1, 5, 3, 1, 0, 3, 1, 41, 4, 7, 3, 4, 0, 6, 7, 3, 4, 3, 9, 10, 3, 2, 4, 0, 0, 2, 0, 10, 2, 10, 7, 6, 11, 12, 14, 1, 7, 2, 5, 10, 17, 14, 2, 3, 14, 1, 11, 9, 5, 0, 7, 6, 17, 2, 3, 6, 2, 7, 16, 5, 0, 4, 1, 12, 2, 3]"
189,1101769,136,test,"[4, 1, 3, 1, 1, 1, 0, 0, 0, 0, 0, 0, 0, 0, 0, 0, 0, 0, 0, 0, 0, 0, 0, 0, 0, 0, 2, 3, 8, 5, 0, 4, 2, 2, 2, 7, 0, 3, 2, 4, 2, 2, 7, 3, 2, 1, 2, 1, 3, 4, 3, 3, 1, 1, 2, 4, 3, 2, 1, 1, 0, 0, 0, 0, 0, 0, 0, 0, 0, 0, 0, 0, 0, 0, 0, 0, 0, 2, 0, 0, 0, 0, 0, 0, 0, 0, 0, 0, 0, 0, 0, 0, 0, 0, 0, 0, 1, 1, 1, 1, 1, 1, 0, 1, 2, 1, 1, 1, 0, 1, 1, 7, 8, 2, 1, 0, 6, 1, 2, 7, 11, 5, 3, 1, 2, 3, 3, 3, 5, 3, 3, 5, 2, 3, 9, 8]"
190,1103056,122,test,"[3, 3, 2, 0, 0, 2, 1, 3, 5, 1, 1, 2, 4, 1, 10, 5, 5, 5, 7, 3, 5, 2, 2, 3, 2, 4, 2, 4, 3, 4, 1, 1, 3, 3, 3, 0, 2, 5, 6, 2, 4, 2, 4, 4, 2, 3, 2, 4, 0, 7, 1, 2, 2, 5, 1, 1, 1, 2, 0, 1, 2, 1, 1, 0, 0, 2, 6, 0, 1, 1, 6, 3, 1, 0, 3, 1, 0, 7, 1, 2, 0, 1, 2, 0, 2, 3, 8, 1, 2, 3, 2, 3, 3, 2, 5, 0, 3, 1, 1, 2, 3, 1, 0, 4, 4, 2, 2, 0, 0, 3, 4, 6, 0, 3, 2, 1, 1, 0, 1, 1, 2, 4]"
191,1105009,114,validation,"[3, 2, 1, 0, 0, 1, 1, 1, 1, 1, 1, 0, 0, 5, 3, 0, 2, 2, 4, 1, 2, 5, 1, 1, 2, 2, 2, 4, 4, 2, 0, 1, 0, 1, 0, 1, 1, 2, 0, 0, 0, 4, 0, 0, 3, 1, 0, 1, 2, 2, 0, 0, 0, 1, 2, 0, 0, 1, 2, 0, 0, 4, 1, 0, 0, 0, 0, 0, 0, 2, 0, 1, 0, 0, 0, 0, 1, 0, 5, 3, 0, 3, 0, 0, 0, 0, 0, 1, 0, 1, 2, 1, 2, 1, 0, 1, 0, 1, 1, 1, 1, 2, 1, 0, 1, 1, 3, 3, 2, 0, 1, 4, 0, 1]"
192,1105018,109,test,"[1, 1, 0, 1, 0, 1, 0, 1, 0, 0, 4, 0, 3, 2, 2, 0, 4, 0, 1, 0, 2, 1, 0, 0, 0, 1, 0, 0, 1, 4, 0, 1, 3, 1, 1, 1, 2, 0, 0, 1, 1, 1, 1, 0, 2, 0, 0, 3, 1, 1, 0, 2, 0, 2, 1, 2, 4, 0, 0, 1, 0, 2, 1, 6, 3, 0, 3, 0, 2, 1, 1, 0, 0, 0, 1, 2, 3, 1, 1, 2, 0, 2, 1, 0, 0, 1, 5, 1, 4, 0, 0, 3, 1, 4, 1, 0, 1, 0, 2, 0, 0, 0, 0, 1, 0, 3, 1, 0, 1]"
193,1105027,106,test,"[3, 2, 3, 0, 0, 3, 0, 3, 3, 1, 0, 4, 1, 0, 1, 0, 0, 1, 1, 3, 1, 1, 5, 1, 1, 1, 4, 1, 3, 3, 1, 2, 1, 0, 5, 1, 0, 2, 2, 1, 3, 0, 2, 3, 2, 0, 5, 0, 2, 0, 3, 1, 0, 0, 1, 1, 1, 1, 0, 2, 1, 4, 2, 2, 4, 2, 1, 1, 1, 0, 3, 1, 0, 1, 1, 1, 1, 1, 0, 1, 0, 3, 0, 0, 1, 1, 1, 0, 3, 0, 0, 3, 2, 0, 1, 1, 2, 0, 1, 1, 0, 5, 1, 2, 2, 3]"
